2,Goosebumps,
3,Tall Men,
4,Woman in Gold,
5,Skyfall,
6,Bridget Jones's Baby,
7,In the Heart of the Sea,
8,Leap Year,
10,The Day the Earth Stood Still,
11,Chalk It Up,
12,Diary of a Wimpy Kid: Dog Days,
13,Transformers: Age of Extinction,
14,Blair Witch,
15,Machete,
16,This Is the End,
17,"Definitely, Maybe",
18,Cedar Rapids,
20,Red Dawn,
21,Begin Again,
22,Lovesong,
23,Folk Hero & Funny Guy,
24,La La Land,
25,Hardcore Henry,
26,Ted 2,
27,Battle: Los Angeles,
28,Just Wright,
30,Water For Elephants,
33,The Forbidden Kingdom,
34,Idiocracy,
35,The Kids Are All Right,
36,Pain & Gain,
37,The Headhunter's Calling,
38,Sanctum,
40,Oculus,
41,Cyrus,
42,The Rum Diary,
43,Blue Valentine,
44,The Man Who Knew Infinity,
45,The Judge,
46,Hall Pass,
47,Let Me In,
48,Predestination,
49,License to Wed,
51,The Reaping,
52,Four Christmases,
53,The Women,
54,New Year's Eve,
55,All We Had,
56,Drillbit Taylor,
57,Exodus: Gods and Kings,
58,Coraline,
59,Wall Street: Money Never Sleeps,
60,Sausage Party,
61,The Tourist,
62,Jack and Jill,
63,Gamer,
64,The Last Witch Hunter,
66,Percy Jackson: Sea of Monsters,
67,Bedtime Stories,
68,Mine,
69,Big Hero 6,
71,Get Him to the Greek,
72,Little Miss Sunshine,
73,World War Z,
76,The Kings of Summer,
77,What Happens in Vegas,
78,Confessions of a Shopaholic,
79,Their Finest,
80,Don't Fuck in the Woods,
82,It's Only the End of the World,
85,The Promise,
86,Insurgent,
87,The 5th Wave,
89,Nine,
90,Relatos salvajes,
91,Tyler Perry's Why Did I get Married,
92,Moonrise Kingdom,
93,The Mortal Instruments: City of Bones,
94,Killer Elite,
95,Harry Potter and the Deathly Hallows: Part 1,
97,Ghost Town,
98,Brave,
99,Kubo and the Two Strings,
100,Lucky Number Slevin,
101,22 Jump Street,
102,Criminal,
103,Valkyrie,
104,Money Monster,
105,The Fall,
106,Piranha 3D,
107,Repo Men,
108,Vincent N Roxxy,
109,The Beaver,
110,X-Men: First Class,
111,Transpecos,
112,Trance,
113,Something Borrowed,
114,City Island,
116,Daybreakers	,
117,The Girl with All the Gifts,
118,Abduction,
119,The Drop,
120,I Origins,
121,MacGruber,
122,The Informant!,
123,Unbroken,
124,This Beautiful Fantastic,
125,Minions,
127,The Gift,
128,Saving Mr. Banks,
129,Paper Towns,
131,It Follows,
132,Silent Hill,
133,Ocean's Thirteen,
135,Fences,
136,Nymphomaniac: Vol. II,
137,Happy Feet,
138,Superhero Movie,
139,The Age of Adaline,
141,The Love Guru,
142,Appaloosa,
143,Yogi Bear,
144,Legend,
145,Bleed for This,
146,Evan Almighty,
147,Men in Black 3,
148,Halloween II,
9,Conan the Barbarian,action
39,G.I. Joe: The Rise of Cobra,adventure
50,Juno,adventure
96,Transformers,adventure
130,Captain America: The First Avenger,adventure
140,Super 8,adventure
83,Enchanted,comedy
115,Your Highness,drama
126,Hugo,drama
134,Forgetting Sarah Marshall,drama
19,Harry Potter and the Order of the Phoenix,fantasy
31,Hancock,fantasy
65,I Am Number Four,fantasy
29,Avatar,sci-fi
149,Beverly Hills Chihuahua,
150,Colombiana,
151,The Assignment,
152,Casino Royale,
153,Wild Hogs,
154,Cats & Dogs: The Revenge of Kitty Galore,
155,Elle,
156,W.,
157,Anna Karenina,
158,Ma vie de Courgette,
159,Fallen,
160,The World's End,
161,Enemy,
162,Eastern Promises,
163,Fright Night,
164,Below Her Mouth,
165,Kung Fu Panda,
166,A Walk Among the Tombstones,
167,The Intent,
168,The Finest Hours,
169,How to Train Your Dragon 2,
170,Sunshine Cleaning,
171,Furious 6,
172,The Whole Truth,
174,A Cure for Wellness,
175,Total Recall,
176,X: First Class,
177,Dead Awake,
178,Personal Shopper,
181,Drag Me to Hell,
182,The Da Vinci Code,
183,Hidden Figures,
184,Final Girl,
185,Pan's Labyrinth,
186,Green Room,
187,The Void,
188,End of Watch,
189,"21,0",
190,G.I. Joe: Retaliation,
192,The Lobster,
193,The Pursuit of Happyness,
194,Toni Erdmann,
195,Lone Survivor,
197,Don Jon,
200,What If,
201,Horrible Bosses 2,
203,The Accountant,
204,Everybody's Fine,
205,Precious,
206,Mission: Impossible III,
207,Ex Machina,
208,Burlesque,
209,The Master,
210,The Ides of March,
211,Me and Earl and the Dying Girl,
212,Chappie,
213,Penelope,
214,City of Tiny Lights,
215,Frantz,
216,Self/less,
217,My Best Friend's Girl,
218,Perfetti sconosciuti,
219,Adventureland,
220,Deuces,
222,The Theory of Everything,
223,Free State of Jones,
224,No Reservations,
225,Apollo 18,
226,Anonymous,
227,L'odyss�e,
228,Wolves at the Door,
229,Birth of the Dragon,
230,The Best of Me,
231,Cop Out,
233,Mission Impossible 4,
235,Lion,
236,Silence,
237,The Eye,
238,Hunt for the Wilderpeople,
239,Sully,
240,Mommy,
242,Triangle,
243,Maze Runner: The Scorch Trials,
245,The Light Between Oceans,
246,Rachel Getting Married,
248,The Lincoln Lawyer,
249,Cirque du Freak: The Vampire's Assistant,
250,Kit Kittredge: An American Girl,
251,Creed,
252,Sing,
253,Mother's Day,
254,That Awkward Moment,
255,Nine Lives,
256,Ender's Game,
260,Now You See Me 2,
261,The Rise of the Krays,
262,The Perks of Being a Wallflower,
263,The Comedian,
264,She's the Man,
265,Miss Sloane,
266,Stone,
270,Night at the Museum: Battle of the Smithsonian,
271,Hacksaw Ridge,
273,Victor Frankenstein,
274,Divergent,
275,Clown,
276,Magic Mike,
277,Michael Clayton,
278,Death Proof,
279,Star Trek Beyond,
280,The Final Destination,
281,The Unborn,
282,Interstellar,
285,Resident Evil: Retribution,
286,The Twilight Saga: Eclipse,
287,Kynodontas,
288,Soul Men,
289,Eat Pray Love	,
290,Wakefield,
291,The Illusionist,
292,Fast and Furious,
293,Cowboys and Aliens,
294,Stop-Loss,
295,Point Break,
296,The Stanford Prison Experiment,
202,"2012,0",action
198,Spider-Man 3,adventure
232,Transformers: Revenge of the Fallen,adventure
234,X-Men Origins: Wolverine,adventure
179,17 Again,comedy
221,Up in the Air,comedy
259,Sex and the City 2,comedy
180,Into the Wild,drama
257,The Happening,drama
173,The Last Airbender,fantasy
269,Beowulf,fantasy
283,Friday the 13th,horror
244,Sherlock Holmes,mystery
196,One Day,romance
247,Jane Eyre,romance
272,Cloverfield,thriller
284,127 Hours,thriller
297,Thor: The Dark World,
298,Centurion,
299,The Butler,
300,Focus,
301,Despicable Me,
302,Secret in Their Eyes,
303,Hairspray,
304,Norbit,
307,John Wick,
308,Tomorrowland,
309,My Soul to Take,
310,Slumdog Millionaire,
311,Swing Vote,
312,Superman Returns,
313,"300,0",
314,Star Wars: Episode VII - The Force Awakens,
316,Knock Knock,
317,Ballerina,
318,Harold and Kumar Escape from Guantanamo Bay,
319,Doubt,
320,In Bruges,
321,Imagine That,
322,The Siege of Jadotville,
323,Storks,
324,Hands of Stone,
325,Raw (II),
326,Rock of Ages,
327,Hush,
328,Looper,
329,Greenberg,
330,Death at a Funeral,
331,The Assassination of Jesse James by the Coward Robert Ford,
332,I Now Pronounce You Chuck and Larry,
333,Don't Think Twice,
334,Snakes on a Plane,
335,San Andreas,
337,L'avenir,
338,The Escort,
339,Realive,
341,Pacific Rim,
342,The Dressmaker,
343,Vacancy,
344,Horns,
345,Goksung,
346,This Means War,
348,Deepwater Horizon,
349,A Dark Song,
350,Rogue One,
352,Nancy Drew,
353,Dredd,
354,Exposed,
356,I Am the Pretty Thing That Lives in the House,
357,The Hobbit: An Unexpected Journey,
358,Rocky Balboa,
359,Never Let Me Go,
360,Suicide Squad,
361,Sing Street,
362,The Purge,
363,Johnny English Reborn,
364,American Wrestler: The Wizard,
365,30 Minutes or Less,
366,The Interview,
367,Need for Speed,
368,Red,
369,The Tree of Life,
370,Our Idiot Brother,
371,Paris pieds nus,
372,TMNT,
373,Dark Shadows,
374,The Black Room,
375,Ben-Hur,
376,Hotel for Dogs,
377,The Boy Next Door,
378,Fifty Shades of Grey,
379,War Horse,
380,Land of the Lost,
381,Beginners,
382,Next Day Air,
385,"Welcome Home, Roscoe Jenkins",
386,The Visitor,
388,Mechanic: Resurrection,
390,"I, Daniel Blake",
391,Hachi: A Dog's Tale,
393,Duplicity,
394,RocknRolla,
395,Ted,
396,Vanishing on 7th Street,
398,Waitress,
402,The Counselor,
403,Filth,
404,Ant-Man,
405,Anthropoid,
406,Babylon A.D.,
407,Sherlock Holmes: A Game of Shadows,
408,Deja Vu,
409,Jupiter Ascending,
410,Star Trek Into Darkness,
411,Evil Dead,
412,Mission: Impossible - Rogue Nation,
415,Rush,
416,The Longest Ride,
417,Night at the Museum: Secret of the Tomb,
418,Skyline,
419,Nocturnal Animals,
420,Post Grad,
421,The Spy Next Door,
423,High-Rise,
424,The Babadook,
425,Jack Ryan: Shadow Recruit,
426,The BFG,
427,In Dubious Battle,
428,Why Him?,
429,Room,
430,Amelia,
431,Soul Surfer,
433,The Man from U.N.C.L.E.,
434,Green Zone,
435,Allied,
436,Satanic,
437,Blood Father,
438,Surrogates,
439,The Book of Life,
441,Friend Request,
443,Endless Love,
444,Megan Is Missing,
445,La tortue rouge,
315,The Karate Kid,adventure
355,Iron Man,adventure
389,The Three Musketeers,adventure
306,Knocked Up,comedy
336,50/50,comedy
397,Mr. Brooks,comedy
305,The Heartbreak Kid,drama
347,No Strings Attached,drama
383,Unknown,drama
401,The Boy in the Striped Pyjamas,drama
384,Alice in Wonderland,fantasy
399,Immortals,fantasy
340,Tinker Tailor Soldier Spy,mystery
432,Australia,romance
400,Bride Wars,action
446,Nymphomaniac: Vol. I,
447,Buried,
448,RoboCop,
450,Tron,
451,Everest,
452,Step Up,
453,The Conspirator,
455,Grown Ups	,
456,Zookeeper,
457,Gulliver's Travels,
458,Straight Outta Compton,
460,One Missed Call,
461,Office Christmas Party,
462,Lady Macbeth,
463,The Chronicles of Narnia: The Voyage of the Dawn Treader,
464,The Disappointments Room,
465,Patriots Day,
466,Daddy Day Camp,
467,We're the Millers,
468,The Legend of Tarzan,
469,Carrie,
470,Mad Money,
471,The Stakelander,
472,Busanhaeng,
473,Flight,
474,Spring Breakers,
475,The Infiltrator,
476,Queen of Katwe,
477,The Wolfman,
478,Ninja Assassin,
479,Grown Ups,
480,The Purge: Election Year,
481,300: Rise of an Empire,
482,The Thinning,
483,Spectre,
484,Underworld: Blood Wars,
485,Punisher: War Zone,
486,Semi-Pro,
487,Meet the Spartans,
488,Dirty Grandpa,
490,Dear John,
491,Les Mis�rables,
493,Sleeping Beauty,
494,The Midnight Meat Train,
495,The Heat,
496,Whisky Galore,
497,Moon,
498,City of Ember,
499,Collateral Beauty,
500,Cars,
501,The Survivalist,
502,The Cabin in the Woods,
503,The Kite Runner,
505,Her,
506,Frozen,
507,Paranormal Activity 2,
508,Into the Woods,
509,Marie Antoinette,
511,A Kind of Murder,
512,Olympus Has Fallen,
513,The Visit,
514,Hounds of Love,
515,Nerve,
516,Halloween,
517,Dinner for Schmucks,
518,Equals,
520,Snowpiercer,
521,Max Steel,
523,Zipper,
524,Friends with Benefits,
525,Spy,
526,Trolls,
527,London Has Fallen,
528,The Great Gatsby,
529,The Amazing Spider-Man,
530,The Brave One,
532,Funny Games,
533,Snowden,
534,21 Jump Street,
535,Jurassic World,
537,Rio,
539,What to Expect When You're Expecting,
540,The Wolverine,
541,Babel,
542,When in Rome,
543,The International,
544,Closed Circuit,
545,The Mechanic,
546,The Fault in Our Stars,
547,Fantastic Four,
548,Split,
549,Margin Call,
550,Billy Lynn's Long Halftime Walk,
551,Beastly,
552,The Human Centipede (First Sequence),
553,Elysium,
554,Miss Pettigrew Lives for a Day,
555,Season Of The Witch,
556,Shoot 'Em Up,
557,Tracktown,
558,Youth,
559,Hunger,
561,The Secret Scripture,
562,Rupture,
563,Paterson,
564,Ghostbusters,
565,Up,
566,A Hologram for the King,
567,Max,
568,The Matchbreaker,
569,The Social Network,
572,The Huntsman: Winter's War,
573,The DUFF,
574,Nim's Island,
575,Made of Honor,
576,Gangster Squad,
577,Monsters University,
578,The Uninvited,
579,The Ridiculous 6,
580,Jason Bourne,
581,The Nanny Diaries,
582,Devil,
583,Prisoners,
585,Birdman or (The Unexpected Virtue of Ignorance),
586,Prom Night,
587,How to Train Your Dragon,
588,Bahubali: The Beginning,
589,Genius,
590,The Ghost Writer,
591,Selma,
592,The Invitation,
593,Nightcrawler,
594,The Internship,
595,RED,
522,Clash of the Titans,adventure
571,Green Lantern,adventure
459,Step Up 2: The Streets,comedy
531,Sex and the City,comedy
538,Disaster Movie,comedy
449,Across the Universe,drama
489,Couples Retreat,drama
504,Disturbia,drama
536,The Other Boleyn Girl,romance
596,Mr. Popper's Penguins,
597,Tron: Legacy,
598,The Dark Knight Rises,
599,Valentine's Day,
600,X-Men: The Last Stand,
601,Toy Story 3,
602,Vacation,
603,Gone Girl,
604,Jack Reacher: Never Go Back,
605,The Invention of Lying,
606,Dawn of the Planet of the Apes,
608,Amateur Night,
609,The Warriors Gate,
610,Ratatouille,
611,Not Easily Broken,
612,The Hunger Games,
613,Sex Tape,
614,Silver Linings Playbook,
616,A Million Ways to Die in the West,
618,10 Years,
619,Locke,
620,Pirates of the Caribbean: Dead Man's Chest,
621,Knowing,
622,The Giver,
623,28 Weeks Later,
624,The Hills Have Eyes 2,
625,Inside Out,
626,King Cobra,
627,Entourage,
629,Paranormal Activity 3,
630,From Paris with Love,
631,The VVitch: A New-England Folktale,
632,The Revenant,
633,Furious Seven,
634,The Ticket,
635,All About Steve,
636,My Week with Marilyn,
637,The Girl Next Door,
638,Norman: The Moderate Rise and Tragic Fall of a New York Fixer,
639,Paranormal Activity,
640,The Girl with the Dragon Tattoo,
641,Captain America: The Winter Soldier,
643,Tangled,
644,It's Complicated,
645,13 Hours,
646,Keanu,
647,The Bourne Legacy,
648,The Iron Lady,
649,The Neighbor,
650,Mission: Impossible - Ghost Protocol,
651,Texas Chainsaw 3D,
652,Teenage Mutant Ninja Turtles: Out of the Shadows,
653,Pete's Dragon,
654,The Switch,
655,Dylan Dog: Dead of Night,
656,Bruno,
657,Shut In,
658,The Lost City of Z,
659,Ocean's 13,
660,Traitor,
661,Sherlock Holmes 2,
662,The Longshots,
663,Apocalypto,
664,10 Cloverfield Lane,
665,High School Musical 3: Senior Year,
666,Monte Carlo,
667,Daddy's Home,
668,Fracture,
669,The Levelling,
670,Twilight: Breaking Dawn,
671,The Loft,
673,The Joneses,
674,Race to Witch Mountain,
676,3 Days to Kill,
677,The Magnificent Seven,
679,Sex Drive,
680,Take Shelter,
681,The Green Hornet,
682,The Chronicles of Narnia: Prince Caspian,
684,The Boss,
685,Just Go With It,
686,WALL�E,
687,Furry Vengeance	,
688,Inside Man,
690,Doomsday,
691,Friends With Benefits,
693,This Is 40,
694,Brothers,
695,The Crazies,
696,2307: Winter's Dream,
697,Little Fockers,
698,My Sister's Keeper,
699,Trainwreck,
700,Red Riding Hood,
701,We Need to Talk About Kevin,
702,Everything Must Go,
703,Lavender,
704,Dragon Wars (aka D-War),
705,The Last Face,
706,War Dogs,
707,Solitary Man,
708,The Fountain,
709,The Kingdom,
711,En man som heter Ove,
712,Bridge to Terabithia,
713,Step Up 3D,
714,I Love You Phillip Morris,
716,Extraordinary Measures	,
717,Epic Movie,
718,12 Rounds,
719,The Spirit,
720,Chef,
721,Sin City: A Dame to Kill For,
722,College Road Trip,
725,Revolutionary Road,
726,Masterminds,
727,El secreto de sus ojos,
728,Street Fighter: The Legend of Chun-Li,
729,Knight and Day,
730,Dallas Buyers Club,
731,Movie 43,
732,Premonition,
733,Man Down,
735,Neighbors,
737,The Blackcoat's Daughter,
723,Pirates of the Caribbean: At World's End,adventure
736,Seven Pounds,adventure
617,You Don't Mess with the Zohan,comedy
642,Mamma Mia!,comedy
615,The Expendables,drama
628,The Book of Eli,drama
672,Shame,drama
678,The Mist,drama
675,Sucker Punch,fantasy
607,Resident Evil: Afterlife,horror
710,Grindhouse,thriller
738,Tyler Perry's Meet the Browns,
739,Manchester by the Sea,
740,Eye in the Sky,
741,Ouija: Origin of Evil,
742,Godzilla,
743,Chuck,
745,Bacalaureat,
746,Kung Fu Panda 3,
748,The Hobbit: The Desolation of Smaug,
749,Srpski film,
750,A Serious Man,
751,Let Me Make You a Martyr,
752,Transcendence,
753,G-Force,
754,Armored,
755,The Blind Side,
756,A Nightmare on Elm Street,
758,Edge of Tomorrow,
759,Date Night,
760,Letters to Juliet,
761,Arrival,
762,Mad Max: Fury Road,
763,Moana,
765,5- 25- 77,
766,Prometheus,
767,Love,
768,First Sunday,
769,Warm Bodies,
770,Vantage Point,
771,Grown Ups 2,
772,The Amazing Spider-Man 2,
773,The Duchess,
774,Triple 9,
775,Guardians of the Galaxy,
776,Smart People,
778,Indignation,
779,The Last Song,
781,John Carter,
782,Before I Wake,
783,Lions for Lambs,
784,Midnight Special,
785,Get Hard,
786,Untraceable,
788,Extract,
789,Django Unchained,
790,Transporter 3,
791,Did You Hear About the Morgans?,
792,Inferno,
793,The Hateful Eight,
795,Why Did I Get Married Too?,
796,Dark Places,
798,Fast & Furious,
800,Journey to the Center of the Earth,
801,Despicable Me 2,
802,Bad Moms,
804,Home,
805,The Hobbit: The Battle of the Five Armies,
806,In the Land of Women,
807,A Quiet Passion,
808,Demolition,
809,The Boy,
810,Taking Woodstock,
811,Martyrs,
812,Shin Gojira,
813,Turbo Kid,
814,The Roommate,
815,The Muppets,
816,"Hail, Caesar!",
817,Pitch Perfect,
818,Killers,
819,Bridge of Spies,
821,The Darjeeling Limited,
822,The Departed,
823,Diary of a Wimpy Kid 2: Rodrick Rules,
824,Iron Man Three,
826,Red State,
827,Hotel Transylvania 2,
828,Dear White People,
830,The Change Up,
831,Mean Dreams,
832,"Be Kind, Rewind",
833,Drive Angry,
834,27 Dresses,
835,Scouts Guide to the Zombie Apocalypse,
836,X-Men: Days of Future Past,
837,The Do-Over,
839,Gold,
840,Project X,
841,Pet,
842,Independence Day: Resurgence,
843,Shark Night 3D,
844,Mindhorn,
845,Wreck-It Ralph,
846,Imperium,
847,Taare Zameen Par,
848,Florence Foster Jenkins,
850,Baby Mama,
853,Cars 2,
855,Harry Potter and the Deathly Hallows Part 1,
856,Good Luck Chuck,
857,Captain Phillips,
858,The Maze Runner,
859,The Eagle,
861,Leatherheads,
862,The Big Year,
863,Jonah Hex,
865,Faster	,
866,Spectral,
867,Miss Peregrine's Home for Peculiar Children,
868,Dolphin Tale,
869,Bronson,
870,Walk Hard: The Dewey Cox Story,
871,Twin Peaks: The Missing Pieces,
872,Before We Go,
873,The Shallows,
874,The Girl on the Train,
875,The Nice Guys,
876,Tower Heist,
877,Fame,
878,Bad Teacher,
879,Gone Baby Gone,
880,After Earth,
881,Taken 3,
882,Escape Plan,
883,Meet Dave,
884,Love Happens,
885,The Place Beyond the Pines,
797,Pandorum,adventure
849,Final Destination 5,adventure
864,Indiana Jones and the Kingdom of the Crystal Skull,adventure
777,Bridesmaids,comedy
829,The House Bunny,comedy
860,She's Out of My League,comedy
825,Body of Lies,drama
851,Easy A,drama
852,The A-Team,drama
744,Love & Other Drugs,romance
838,All Good Things,romance
854,Star Trek,sci-fi
780,Insidious,thriller
799,Shutter Island,thriller
887,Speed Racer,
888,Kicks,
889,Takers,
891,Denial,
892,I.T.,
893,What's Your Number?,
894,Case 39,
895,The Girl With The Dragon Tattoo,
896,Albert Nobbs,
897,Burnt,
899,The Conjuring,
900,The Losers,
901,The Intern,
902,The Grand Budapest Hotel,
903,Dance Flick,
904,Iris,
905,The Founder,
906,True Crimes,
907,Everybody Wants Some!!,
908,The Bounty Hunter,
909,The Gunman,
910,American Honey,
911,Pathfinder: Legend of the Ghost Warrior,
912,National Treasure: Book of Secrets,
913,Nick and Norah's Infinite Playlist,
914,Detour,
915,You Again,
917,Seven Psychopaths,
918,The Last Exorcism,
919,Incendies,
920,Lincoln,
921,Deadpool,
922,Due Date,
923,Let's Be Cops,
924,Rock Dog,
925,Il racconto dei racconti - Tale of Tales,
926,The Secret Life of Bees,
927,The Pink Panther 2,
928,20th Century Women,
929,"Love, Rosie",
930,The Dictator,
931,The Big Short,
932,Collide,
933,Crimson Peak,
934,Maleficent,
936,Grimsby,
937,My Life in Ruins,
938,Steve Jobs,
939,The Game Plan,
940,88 Minutes,
941,The Break-Up,
942,Talladega Nights: The Ballad of Ricky Bobby,
943,The Exception,
944,Don't Breathe,
946,Wrath of the Titans,
947,"Alexander and the Terrible, Horrible, No Good, Very Bad Day",
948,Adoration,
949,Batman v Superman: Dawn of Justice,
950,Yoga Hosers,
951,Fantastic Beasts and Where to Find Them,
952,The Hunger Games: Mockingjay - Part 2,
953,La vie d'Ad�le,
954,The Back-up Plan,
955,Wild,
956,The Imitation Game,
957,Kingsman: The Secret Service,
958,The Hunger Games: Mockingjay - Part 1,
959,Blades of Glory,
960,The Ruins,
961,Hacker,
962,The Hills Have Eyes,
963,Perfume: The Story of a Murderer,
964,Underworld Awakening,
965,Seventh Son,
966,Zero Dark Thirty,
967,Freedom Writers,
969,The Expendables 2,
970,Lawless,
971,The Haunting of Molly Hartley,
973,Love & Friendship,
974,Mr. Right,
976,Gods of Egypt,
977,Tusk,
978,3 Idiots,
979,The Time Traveler's Wife,
980,The Soloist,
981,Marley and Me,
982,Bandslam,
983,Fury,
984,Hannah Montana: The Movie,
985,Faster,
986,Waiting For Forever,
987,Allegiant,
988,Nanny McPhee Returns,
989,A Very Harold and Kumar Christmas,
991,Paul Blart: Mall Cop,
992,The Secret Life of Pets,
994,"I Love You, Man ",
995,Paint It Black,
996,My Big Fat Greek Wedding 2,
998,Finding Dory,
999,Trust,
1001,I Spit on Your Grave,
1002,Man of Steel,
1004,Jagten,
1005,Barbershop: The Next Cut,
1006,Warcraft,
1007,The Love Witch,
1008,Trespass,
1009,Spy Kids: All The Time in the World,
1010,Boyhood,
1011,Under the Skin,
1012,Notorious,
1013,Morgan,
1014,The Twilight Saga: Eclipse	,
1015,Max Payne,
1016,The Men Who Stare at Goats,
1017,The imposible,
1018,Neighbors 2: Sorority Rising,
1019,30 Days of Night,
1020,Fired Up!,
1021,Sicario,
1022,American Sniper,
1023,What's Your Number,
1024,Megamind,
1025,Cinderella,
1026,"1408,0",
1028,Maudie,
1029,American Reunion,
886,The Descendants,adventure
1030,Pirates of the Caribbean: On Stranger Tides,adventure
935,Zombieland,comedy
945,Paul,comedy
972,Footloose,comedy
997,District 9,drama
1027,Remember Me,drama
1003,Percy Jackson & the Olympians: The Lightning Thief,fantasy
968,Winter's Bone,thriller
990,Scream 4,thriller
1031,The Age of Shadows,
1032,American Hustle,
1033,Live by Night,
1034,Year One,
1035,White Girl,
1036,Funny People,
1037,Bangkok Dangerous,
1038,Suite Fran�aise,
1039,Oblivion,
1041,A Dangerous Method,
1042,The Imaginarium of Doctor Parnassus,
1043,Country Strong,
1044,Dear Zindagi,
1046,Only for One Night,
1047,Whiplash,
1048,Coherence,
1049,Riddick,
1050,X-Men: Apocalypse,
1051,Good Kids,
1052,Forushande,
1053,Arthur,
1054,The Martian,
1055,The Hollars,
1056,Free Fire,
1057,Push,
1058,Inkheart,
1059,Brimstone,
1060,Rescue Dawn,
1062,Saw VI,
1063,Miracle at St. Anna,
1064,The Adventures of Tintin,
1065,Colonia,
1066,Sleeping with Other People,
1067,Whatever Works,
1068,Super,
1069,The Green Inferno,
1070,The Lucky One,
1071,Blue Jasmine,
1072,The Conjuring 2,
1073,The Rite,
1074,Whiteout,
1075,Kick-Ass 2,
1076,Old Boy,
1077,For Colored Girls,
1078,Fireproof,
1079,Miracles from Heaven,
1080,Black Mass,
1081,Argo,
1082,"Pirate Radio (The Boat that Rocked, UK)",
1083,We Own the Night,
1084,Extremely Loud and Incredibly Close,
1085,I Love You Beth Cooper,
1086,Doctor Strange,
1087,Under the Same Moon,
1088,Cloud Atlas,
1089,The Bucket List,
1090,Bone Tomahawk,
1091,Old Dogs,
1092,Hot Fuzz,
1093,Popstar: Never Stop Never Stopping,
1094,Unfriended,
1095,Snow White and the Huntsman,
1096,Custody,
1097,Oz the Great and Powerful,
1098,A Good Year,
1099,The Bank Job,
1100,Safe Haven,
1101,Yes Man,
1102,Obsessed,
1103,Sunshine,
1104,Macbeth,
1105,Gravity,
1106,Beyond the Gates,
1107,White House Down,
1108,The Company Men,
1109,The First Time,
1110,Pan,
1112,Solace,
1114,Saw IV,
1115,Aliens in the Attic,
1116,The Equalizer,
1117,The Lego Movie,
1118,What We Do in the Shadows,
1119,You Will Meet a Tall Dark Stranger,
1120,Magic Mike XXL,
1122,"31,0",
1123,Ah-ga-ssi,
1124,Jack Reacher,
1125,The Twilight Saga: New Moon,
1128,Larry Crowne,
1129,The Sitter,
1130,The Hangover Part II,
1131,Dangal,
1132,Moonlight,
1133,The Prestige,
1135,"Crazy, Stupid, Love",
1136,American Pastoral,
1137,The Twilight Saga: Breaking Dawn - Part 2,
1138,Observe and Report,
1139,Regression,
1140,The Skin I Live In,
1141,Rush Hour 3,
1142,Joy,
1145,War on Everyone,
1146,Youth in Revolt,
1147,The Sea of Trees,
1148,Diary of a Wimpy Kid: Rodrick Rules,
1149,Pride and Prejudice and Zombies,
1150,Avengers: Age of Ultron,
1151,The Belko Experiment,
1152,The Curious Case of Benjamin Button,
1153,Knight of Cups,
1155,The Danish Girl,
1156,Keeping Up with the Joneses,
1157,Law Abiding Citizen,
1158,The Guest,
1159,The Autopsy of Jane Doe,
1160,Carol,
1161,Bonjour Anne,
1162,Ghosts of Girlfriends Past,
1163,12 Years a Slave,
1164,Burn After Reading,
1165,Sorority Row,
1166,The King's Speech,
1167,The X-Files: I Want to Believe,
1168,Morning Glory,
1169,Hercules,
1170,Mirrors,
1171,Lady in the Water,
1172,J.Edgar,
1173,USS Indianapolis: Men of Courage,
1174,A United Kingdom,
1175,Child 44,
1176,An Education,
1177,Assassin's Creed,
1121,Thor,adventure
1040,Gran Torino,drama
1045,No Country for Old Men,drama
1061,P.S. I Love You,romance
1113,Midnight in Paris,romance
1111,Changeling,thriller
1126,Warrior,thriller
1178,Brooklyn's Finest,
1179,Jackie,
1180,Sweeney Todd: The Demon Barber of Fleet Street,
1181,Lights Out,
1182,Zootopia,
1183,Stake Land,
1185,Swiss Army Man,
1186,PK,
1187,We Bought a Zoo,
1188,The Simpsons Movie,
1189,Captain America: Civil War,
1190,The Great Wall,
1191,Piranha 3-D,
1192,Machine Gun Preacher,
1194,Mr. Nobody,
1195,Kimi no na wa,
1196,The Dilemma,
1198,Whiskey Tango Foxtrot,
1199,The Secret Life of Walter Mitty,
1200,Melancholia,
1201,The Choice,
1202,"Crazy, Stupid, Love.",
1204,Dracula Untold,
1205,Role Models,
1206,Crawlspace,
1207,Bastille Day,
1208,The Daughter,
1210,Quarantine,
1211,Contratiempo,
1213,Children of Men,
1214,A Bigger Splash,
1215,Caf� Society,
1216,Mike and Dave Need Wedding Dates,
1218,Fantastic Mr. Fox,
1219,Vampires Suck,
1220,Lowriders,
1221,Marmaduke,
1222,The Devil Wears Prada,
1223,Colossal,
1224,The Debt,
1225,Public Enemies,
1226,I'm Still Here,
1228,The Thing,
1229,Priest,
1230,The Twilight Saga: Breaking Dawn - Part 1,
1231,Terminator Genisys,
1232,Kickboxer: Vengeance,
1233,The Tree Of Life,
1234,The Spectacular Now,
1235,Monster Trucks,
1236,The Hunger Games: Catching Fire,
1237,The Jungle Book,
1238,Lucy,
1239,Angry Birds,
1240,Into the Forest,
1242,Fantastic Four: Rise of the Silver Surfer,
1243,To Rome with Love,
1244,Devil's Knot,
1245,Crank: High Voltage,
1246,"10,000 B.C.",
1247,Away We Go,
1248,Blackhat,
1249,Aliens vs Predator - Requiem,
1251,Our Family Wedding,
1252,Absolutely Anything,
1253,The Expendables 3,
1256,The Neon Demon,
1258,Slither,
1259,Pixels,
1260,Me Before You,
1261,The Box,
1262,Don't Be Afraid Of The Dark,
1263,The Avengers,
1265,Annabelle,
1266,A Monster Calls,
1268,L�da Baarov�,
1270,Sleight,
1271,Rules Don't Apply,
1272,The Babysitters,
1274,Please Give,
1275,Handsome Devil,
1276,Blood Diamond,
1277,Vampire Academy,
1278,The Other Woman,
1279,Loving,
1280,Ice Age: Collision Course,
1281,Brooklyn,
1282,The Taking of Pelham 1 2 3,
1283,Pompeii,
1284,Music and Lyrics,
1285,Hachiko: A Dog's Story,
1286,Viking,
1287,Demain tout commence,
1288,Tooth Fairy,
1289,Resident Evil: The Final Chapter,
1290,Concussion,
1291,Christine,
1292,Sinister,
1293,Inland Empire,
1294,Mother and Child,
1295,Mr. Church,
1296,Half of a Yellow Sun,
1297,The 9th Life of Louis Drax,
1299,Alice Through the Looking Glass,
1300,The Haunting in Connecticut,
1301,Man on a Ledge,
1302,Where the Wild Things Are,
1303,Shutter,
1304,The Town,
1306,Wrecker,
1308,The Lives of Others,
1309,The Son Of No One,
1310,Dream House,
1311,The Walk,
1312,Search Party,
1313,Tramps,
1314,"Hello, My Name Is Doris",
1315,Whip It,
1316,August Rush,
1317,Hitman,
1318,We Are Your Friends,
1319,M�n som hatar kvinnor,
1320,Sisters,
1321,Alien vs. Predator -- Requiem,
1322,Beautiful Creatures,
1323,The Gambler,
1217,Transformers: Dark of the Moon,adventure
1250,Stardust,adventure
1212,Diary of a Wimpy Kid,comedy
1264,The Hangover,comedy
1267,Limitless,comedy
1209,Watchmen,drama
1269,Vicky Cristina Barcelona,drama
1273,The Ugly Truth,drama
1255,Harry Potter and the Half-Blood Prince,fantasy
1184,Orphan,horror
1203,The Hurt Locker,horror
1227,The Strangers,horror
1193,(500) Days of Summer,romance
1197,He's Just Not That Into You,romance
1324,Pitch Perfect 2,
1325,Next,
1326,The Lone Ranger,
1327,Life of Pi,
1328,Battleship,
1329,Planet Terror,
1330,Boyka: Undisputed IV,
1331,Nights in Rodanthe,
1332,Atonement,
1333,Viral,
1334,Teenage Mutant Ninja Turtles,
1335,How to Be Single,
1336,Koe no katachi,
1337,Spotlight,
1338,The Host,
1339,The Intouchables,
1340,Hesher,
1341,Blended,
1343,Dope,
1344,Over Her Dead Body,
1345,About Time,
1346,Eddie the Eagle,
1347,Just Go with It,
1348,Get Smart,
1349,Tyler Perry's The Family That Preys,
1351,Out of the Furnace,
1352,The Fast and the Furious: Tokyo Drift,
1353,Southpaw,
1354,Harry Potter and the Deathly Hallows: Part 2,
1355,Street Kings,
1356,Hot Tub Time Machine,
1357,The Princess and the Frog,
1358,A Street Cat Named Bob,
1359,If I Stay,
1360,Savages,
1361,The Artist,
1362,The Wolf of Wall Street,
1363,La migliore offerta,
1364,The Family,
1366,Noah,
1367,Now You See Me,
1368,Annie,
1369,Mama,
1370,Passengers,
1371,The Edge of Seventeen,
1372,Captain Fantastic,
1373,The Bad Batch,
1374,"42,0",
1375,Zoolander 2,
1377,The Sorcerer's Apprentice,
1378,Antichrist,
1379,Going the Distance,
1381,Central Intelligence,
1383,Inherent Vice,
1384,Hell or High Water,
1385,No Escape,
1386,American Sniper,"Action,Biography,Drama"
1387,The Pursuit of Happyness,"Biography,Drama"
1388,The Mist,Horror
1389,Music and Lyrics,Romance
1390,Tangled,"Animation,Adventure,Comedy"
1391,Inception,Action
1392,The Levelling,Drama
1393,The Town,"Crime,Drama,Thriller"
1394,This Is the End,"Comedy,Fantasy"
1395,Ghost Town,Comedy
1396,Fame,Comedy
1397,The Warriors Gate,"Action,Adventure,Fantasy"
1398,Rise of the Planet of the Apes,Action
1399,Fifty Shades of Grey,"Drama,Romance,Thriller"
1400,Bedtime Stories,Comedy
1401,Hacksaw Ridge,"Biography,Drama,History"
1402,Snowpiercer,"Action,Drama,Sci-Fi"
1403,The Help,Drama
1404,The Autopsy of Jane Doe,"Horror,Mystery,Thriller"
1405,Star Trek Into Darkness,"Action,Adventure,Sci-Fi"
1406,What's Your Number,Comedy
1407,The Lovely Bones,Drama
1408,In Time,Thriller
1409,Never Let Me Go,Drama
1410,Meet Dave,Adventure
1411,10 Years,"Comedy,Drama,Romance"
1412,A Street Cat Named Bob,"Biography,Comedy,Drama"
1413,Superman Returns,"Action,Adventure,Sci-Fi"
1414,Dear Zindagi,"Drama,Romance"
1415,Blood Father,"Action,Crime,Drama"
1416,Frantz,"Drama,History,War"
1417,Contagion,"Drama,Thriller"
1418,Lady in the Water,"Drama,Fantasy,Mystery"
1419,The Golden Compass,Action
1420,Jupiter Ascending,"Action,Adventure,Sci-Fi"
1421,The Lives of Others,"Drama,Thriller"
1422,The Choice,"Drama,Romance"
1423,Horrible Bosses,Comedy
1424,The Company Men,Drama
1425,The Bad Batch,"Romance,Sci-Fi"
1426,One Day,"Drama,Romance"
1427,Soul Surfer,Drama
1428,The Road,Adventure
1429,Crawlspace,"Horror,Thriller"
1430,The Babysitters,Drama
1431,In Bruges,"Comedy,Crime,Drama"
1432,The Time Traveler's Wife,Drama
1433,The Brave One,Action
1434,Blue Jasmine,Drama
1435,The Dark Knight,"Action,Crime,Drama"
1436,The imposible,"Drama,Thriller"
1437,Leap Year,Comedy
1438,Triple 9,"Action,Crime,Drama"
1439,Trespass,Thriller
1440,Step Brothers,Comedy
1441,Jennifer's Body,Comedy
1442,Alice in Wonderland,Adventure
1443,Zack and Miri Make a Porno,Romance
1444,Locke,Drama
1445,Sausage Party,"Animation,Adventure,Comedy"
1446,The X-Files: I Want to Believe,Thriller
1447,Easy A,Comedy
1448,The Haunting of Molly Hartley,Horror
1449,Imagine That,Comedy
1450,Blue Valentine,"Drama,Romance"
1451,Moneyball,Drama
1452,Ocean's Thirteen,"Crime,Thriller"
1453,Hannah Montana: The Movie,Comedy
1454,Paper Towns,"Drama,Mystery,Romance"
1455,Neighbors,Comedy
1342,Moneyball,comedy
1365,The Road,comedy
1376,Life as We Know It,drama
1380,The Help,thriller
1456,The Ugly Truth,Comedy
1457,Dark Shadows,"Comedy,Fantasy,Horror"
1458,Eat Pray Love	,Drama
1459,Albert Nobbs,Drama
1460,Brooklyn's Finest,Action
1461,"10,000 B.C.",Adventure
1462,Devil,Horror
1463,Snowden,"Biography,Drama,Thriller"
1464,Fantastic Beasts and Where to Find Them,"Adventure,Family,Fantasy"
1465,World War Z,"Action,Adventure,Horror"
1466,Friday the 13th,Horror
1467,Epic Movie,Comedy
1468,Hellboy II: The Golden Army,"Action,Adventure,Fantasy"
1469,Flight,"Drama,Thriller"
1470,Keeping Up with the Joneses,"Action,Comedy"
1471,Don't Breathe,"Crime,Horror,Thriller"
1472,Harry Potter and the Deathly Hallows: Part 1,"Adventure,Family,Fantasy"
1473,All Good Things,Drama
1474,A Kind of Murder,"Crime,Drama,Thriller"
1475,Pirates of the Caribbean: At World's End,Action
1476,New Year's Eve,Romance
1477,The Conjuring,"Horror,Mystery,Thriller"
1478,50/50,Comedy
1479,You Don't Mess with the Zohan,Comedy
1480,Easy A,"Comedy,Drama,Romance"
1481,The Invention of Lying,Comedy
1482,Dragon Wars (aka D-War),Action
1483,A Quiet Passion,"Biography,Drama"
1484,Captain Fantastic,"Comedy,Drama"
1485,Fracture,"Crime,Drama,Mystery"
1486,Mr. Popper's Penguins,Comedy
1487,Mission Impossible 4,Action
1488,Perfetti sconosciuti,"Comedy,Drama"
1489,Robin Hood,"Action,Adventure,Drama"
1490,The Hollars,"Comedy,Drama,Romance"
1491,Carrie,"Drama,Horror"
1492,Get Hard,"Comedy,Crime"
1493,I Am Legend,Thriller
1494,Suite Fran�aise,"Drama,Romance,War"
1495,Ouija: Origin of Evil,"Horror,Thriller"
1496,The Spectacular Now,"Comedy,Drama,Romance"
1497,The Taking of Pelham 1 2 3,Action
1498,Brave,"Animation,Adventure,Comedy"
1499,Disturbia,Thriller
1500,Indignation,"Drama,Romance"
1501,Whiplash,"Drama,Music"
1502,Coraline,"Animation,Family,Fantasy"
1503,The Da Vinci Code,"Mystery,Thriller"
1504,True Grit,"Adventure,Drama,Western"
1505,Stone,Drama
1506,Amateur Night,Comedy
1507,American Honey,Drama
1508,What to Expect When You're Expecting,"Comedy,Drama,Romance"
1509,Spotlight,"Crime,Drama,History"
1510,Did You Hear About the Morgans?,Comedy
1511,Street Kings,Action
1512,Sex and the City 2,"Comedy,Drama,Romance"
1513,It's Complicated,Comedy
1514,Wakefield,Drama
1515,Cars,"Animation,Adventure,Comedy"
1516,Mr. Church,"Comedy,Drama"
1517,The Equalizer,"Action,Crime,Thriller"
1518,Genius,"Biography,Drama"
1519,The Boy,"Horror,Mystery,Thriller"
1520,Godzilla,"Action,Adventure,Sci-Fi"
1521,Fright Night,Horror
1522,Elysium,"Action,Drama,Sci-Fi"
1523,Sing,"Animation,Comedy,Family"
1524,Cloud Atlas,"Drama,Sci-Fi"
1525,Despicable Me 2,"Animation,Adventure,Comedy"
1526,Quantum of Solace,Action
1527,Up,"Animation,Adventure,Comedy"
1528,22 Jump Street,"Action,Comedy,Crime"
1529,Chappie,"Action,Crime,Drama"
1530,Zodiac,"Crime,Drama,History"
1531,The Secret Life of Bees,Drama
1532,Tusk,"Comedy,Drama,Horror"
1533,Vampire Academy,"Action,Comedy,Fantasy"
1534,Whatever Works,Comedy
1535,Sorority Row,Horror
1536,The Boss,Comedy
1537,Precious,Drama
1538,The Twilight Saga: Eclipse	,Drama
1539,Moonlight,Drama
1540,Free State of Jones,"Action,Biography,Drama"
1541,The Hobbit: The Battle of the Five Armies,"Adventure,Fantasy"
1542,The Founder,"Biography,Drama,History"
1543,Safe Haven,"Drama,Romance,Thriller"
1544,A Dangerous Method,Drama
1545,Spectral,"Action,Mystery,Sci-Fi"
1546,Ghostbusters,"Action,Comedy,Fantasy"
1547,Confessions of a Shopaholic,Comedy
1548,Equals,"Drama,Romance,Sci-Fi"
1549,The Tourist,Thriller
1550,The Rise of the Krays,"Crime,Drama"
1551,"Crazy, Stupid, Love",Romance
1552,Secret in Their Eyes,"Crime,Drama,Mystery"
1553,We Need to Talk About Kevin,"Drama,Mystery,Thriller"
1554,Alien vs. Predator -- Requiem,Horror
1555,Pain & Gain,"Comedy,Crime,Drama"
1556,The 5th Wave,"Action,Adventure,Sci-Fi"
1557,Life as We Know It,Comedy
1558,Kimi no na wa,"Animation,Drama,Fantasy"
1559,Whiteout,Action
1560,Salt,Action
1561,Our Idiot Brother,Comedy
1562,Vicky Cristina Barcelona,"Drama,Romance"
1563,The Prestige,"Drama,Mystery,Sci-Fi"
1564,The Other Guys,"Action,Comedy,Crime"
1565,12 Years a Slave,"Biography,Drama,History"
1566,Max Steel,"Action,Adventure,Family"
1567,Beowulf,Action
1568,To Rome with Love,"Comedy,Romance"
1569,Fantastic Four: Rise of the Silver Surfer,Action
1570,Tropic Thunder,"Action,Comedy"
1800,The Escort,"Comedy,Drama,Romance"
1571,What We Do in the Shadows,"Comedy,Fantasy,Horror"
1572,Bleed for This,"Biography,Drama,Sport"
1573,There Will Be Blood,Drama
1574,RED,"Action,Comedy,Crime"
1575,Changeling,"Biography,Drama,Mystery"
1576,Gangster Squad,"Action,Crime,Drama"
1577,The Twilight Saga: New Moon,Drama
1578,Burlesque,Drama
1579,The Tree Of Life,Drama
1580,Olympus Has Fallen,"Action,Thriller"
1581,Seven Pounds,Drama
1582,Magic Mike,"Comedy,Drama"
1583,End of Watch,"Crime,Drama,Thriller"
1584,Inception,"Action,Adventure,Sci-Fi"
1585,The Dictator,Comedy
1586,I Love You Phillip Morris,Comedy
1587,Miss Peregrine's Home for Peculiar Children,"Adventure,Drama,Family"
1588,Slumdog Millionaire,Drama
1589,The Women,Drama
1590,Carol,"Drama,Romance"
1591,PK,"Comedy,Drama,Romance"
1592,Divergent,"Adventure,Mystery,Sci-Fi"
1593,Over Her Dead Body,Comedy
1594,Lowriders,Drama
1595,Machete,Action
1596,Friends with Benefits,"Comedy,Romance"
1597,Dope,"Comedy,Crime,Drama"
1598,Super 8,"Mystery,Sci-Fi,Thriller"
1599,Home,"Animation,Adventure,Comedy"
1600,Captain America: The Winter Soldier,"Action,Adventure,Sci-Fi"
1601,City of Tiny Lights,"Crime,Drama,Thriller"
1602,Everybody's Fine,Drama
1603,Shoot 'Em Up,Action
1604,The Expendables 3,"Action,Adventure,Thriller"
1605,The Break-Up,"Comedy,Drama,Romance"
1606,G.I. Joe: Retaliation,"Action,Adventure,Sci-Fi"
1607,What Happens in Vegas,Comedy
1608,Revolutionary Road,"Drama,Romance"
1609,Sunshine Cleaning,Comedy
1610,The Host,"Comedy,Drama,Horror"
1611,The Twilight Saga: Breaking Dawn - Part 2,"Adventure,Drama,Fantasy"
1612,Scott Pilgrim vs. the World,"Action,Comedy,Fantasy"
1613,Just Go With It,Romance
1614,"21,0","Crime,Drama,Thriller"
1615,She's the Man,"Comedy,Romance,Sport"
1616,Taare Zameen Par,"Drama,Family,Music"
1617,The Blind Side,"Biography,Drama,Sport"
1618,Now You See Me,"Crime,Mystery,Thriller"
1619,Thor,"Action,Adventure,Fantasy"
1620,The Bucket List,Drama
1621,Hanna,Action
1622,Frozen,"Animation,Adventure,Comedy"
1623,Sunshine,"Adventure,Sci-Fi,Thriller"
1624,Jumper,"Action,Adventure,Sci-Fi"
1625,What If,"Comedy,Romance"
1626,Transformers,"Action,Adventure,Sci-Fi"
1627,Escape Plan,"Action,Crime,Mystery"
1628,El secreto de sus ojos,"Drama,Mystery,Romance"
1629,The Huntsman: Winter's War,"Action,Adventure,Drama"
1630,The Ruins,Horror
1631,All Good Things,"Crime,Drama,Mystery"
1632,The Darjeeling Limited,Drama
1633,Gulliver's Travels,Comedy
1634,Legion,"Action,Fantasy,Horror"
1635,Triangle,"Fantasy,Mystery,Thriller"
1636,Paranormal Activity 2,Horror
1637,Green Zone,Action
1638,Max,"Adventure,Family"
1639,Going the Distance,Comedy
1640,Star Wars: Episode VII - The Force Awakens,"Action,Adventure,Fantasy"
1641,Fast and Furious,Action
1642,Post Grad,Comedy
1643,The Human Centipede (First Sequence),Horror
1644,Lone Survivor,"Action,Biography,Drama"
1645,The Spy Next Door,Action
1646,The Golden Compass,"Adventure,Family,Fantasy"
1647,Youth in Revolt,Comedy
1648,"Love, Rosie","Comedy,Romance"
1649,Max Payne,Action
1650,Brimstone,"Mystery,Thriller,Western"
1651,Pitch Perfect 2,"Comedy,Music"
1652,The Ghost Writer,"Mystery,Thriller"
1653,Why Did I Get Married Too?,Comedy
1654,Immortals,Action
1655,Vacancy,Comedy
1656,RocknRolla,"Action,Crime,Thriller"
1657,Adoration,"Drama,Romance"
1658,Pandorum,Action
1659,You Don't Mess with the Zohan,"Action,Comedy"
1660,The Great Gatsby,"Drama,Romance"
1661,Sicario,"Action,Crime,Drama"
1662,Paranormal Activity,Horror
1663,Mirrors,Horror
1664,Mommy,Drama
1665,Scott Pilgrim vs. the World,Action
1666,The Curious Case of Benjamin Button,"Drama,Fantasy,Romance"
1667,Fool's Gold,Adventure
1668,The Bourne Ultimatum,"Action,Mystery,Thriller"
1669,Busanhaeng,"Action,Drama,Horror"
1670,Just Go with It,"Comedy,Romance"
1671,The A-Team,"Action,Adventure,Comedy"
1672,The Debt,Thriller
1673,Just Wright,Comedy
1674,Maze Runner: The Scorch Trials,"Action,Sci-Fi,Thriller"
1675,Wild Hogs,Comedy
1676,The Descendants,"Comedy,Drama"
1677,The Family,"Comedy,Crime,Thriller"
1678,The Kids Are All Right,Comedy
1679,Sherlock Holmes 2,Action
1680,Moon,"Drama,Mystery,Sci-Fi"
1681,Don Jon,"Comedy,Drama,Romance"
1682,Fences,Drama
1683,Love & Other Drugs,"Comedy,Drama,Romance"
1684,White House Down,"Action,Drama,Thriller"
1685,I Am Number Four,"Action,Adventure,Sci-Fi"
1686,How to Train Your Dragon,"Animation,Action,Adventure"
1687,Rules Don't Apply,"Comedy,Drama,Romance"
1688,Sherlock Holmes,Action
1689,The Happening,Thriller
1690,Johnny English Reborn,Comedy
1691,Black Swan,Drama
1692,L'odyss�e,"Adventure,Biography"
1693,Whip It,Drama
1694,Out of the Furnace,"Crime,Drama,Thriller"
1695,The Bounty Hunter,Action
1696,Monte Carlo,Romance
1697,Drive,"Crime,Drama"
1698,Noah,"Action,Adventure,Drama"
1699,Spy Kids: All The Time in the World,Action
1700,The Black Room,Horror
1701,Trust,"Crime,Drama,Thriller"
1702,Transformers: Revenge of the Fallen,"Action,Adventure,Sci-Fi"
1703,No Strings Attached,Comedy
1704,Knock Knock,"Drama,Horror,Thriller"
1705,Hellboy II: The Golden Army,Action
1706,Riddick,"Action,Sci-Fi,Thriller"
1707,The Hunger Games: Mockingjay - Part 2,"Action,Adventure,Sci-Fi"
1708,Rush Hour 3,Action
1709,The Hills Have Eyes,Horror
1710,Underworld: Rise of the Lycans,"Action,Adventure,Fantasy"
1711,Sleeping Beauty,"Drama,Romance"
1712,Eye in the Sky,"Drama,Thriller,War"
1713,WALL�E,"Animation,Adventure,Family"
1714,Toy Story 3,"Animation,Adventure,Comedy"
1715,Wolves at the Door,"Horror,Thriller"
1716,The Fountain,"Drama,Sci-Fi"
1717,Doomsday,Action
1718,Fool's Gold,"Action,Adventure,Comedy"
1719,Nerve,"Adventure,Crime,Mystery"
1720,Inglourious Basterds,Adventure
1721,Into the Forest,"Drama,Sci-Fi,Thriller"
1722,Beginners,Comedy
1723,Margin Call,Thriller
1724,The Exception,Drama
1725,The Host,"Action,Adventure,Romance"
1726,Bad Teacher,Comedy
1727,Underworld: Blood Wars,"Action,Adventure,Fantasy"
1728,Diary of a Wimpy Kid,"Comedy,Family"
1729,Casino Royale,"Action,Adventure,Thriller"
1730,Viking,"Action,Drama,History"
1731,Stardust,"Adventure,Family,Fantasy"
1732,Mine,"Thriller,War"
1733,Jack Reacher: Never Go Back,"Action,Adventure,Crime"
1734,Avatar,Action
1735,Hotel Transylvania 2,"Animation,Comedy,Family"
1736,Central Intelligence,"Action,Comedy,Crime"
1737,Imperium,"Crime,Drama,Thriller"
1738,Ex Machina,"Drama,Mystery,Sci-Fi"
1739,My Week with Marilyn,Drama
1740,Star Trek Beyond,"Action,Adventure,Sci-Fi"
1741,Season Of The Witch,Action
1742,Harry Potter and the Order of the Phoenix,Adventure
1743,"Welcome Home, Roscoe Jenkins",Comedy
1744,Old Boy,"Action,Drama,Mystery"
1745,The Interview,Comedy
1746,Mr. Brooks,"Crime,Drama,Thriller"
1747,Our Family Wedding,Comedy
1748,Away We Go,Comedy
1749,Assassin's Creed,"Action,Adventure,Drama"
1750,Bahubali: The Beginning,"Action,Adventure,Drama"
1751,The Switch,Comedy
1752,Taken 3,"Action,Thriller"
1753,G.I. Joe: The Rise of Cobra,"Action,Adventure,Sci-Fi"
1754,Midnight in Paris,Romance
1755,Fireproof,Drama
1756,The Pink Panther 2,Adventure
1757,The Men Who Stare at Goats,Comedy
1758,Observe and Report,Comedy
1759,Percy Jackson & the Olympians: The Lightning Thief,"Adventure,Family,Fantasy"
1760,You Will Meet a Tall Dark Stranger,Comedy
1761,Limitless,Thriller
1762,Perfume: The Story of a Murderer,"Crime,Drama,Fantasy"
1763,Wreck-It Ralph,"Animation,Adventure,Comedy"
1764,Snakes on a Plane,"Action,Adventure,Crime"
1765,Rock of Ages,"Comedy,Drama,Musical"
1766,"31,0","Horror,Thriller"
1767,Zombieland,"Adventure,Comedy,Horror"
1768,Superbad,Comedy
1769,Due Date,Comedy
1770,Faster,"Action,Crime,Drama"
1771,Dirty Grandpa,Comedy
1772,A Good Year,"Comedy,Drama,Romance"
1773,Resident Evil: Afterlife,"Action,Adventure,Horror"
1774,Night at the Museum: Battle of the Smithsonian,Action
1775,Tyler Perry's Why Did I get Married,Romance
1776,Furious Seven,"Action,Crime,Thriller"
1777,Daybreakers	,Action
1778,Water For Elephants,Drama
1779,20th Century Women,"Comedy,Drama"
1780,Surrogates,Action
1781,My Life in Ruins,Comedy
1782,The Strangers,"Horror,Mystery,Thriller"
1783,In the Land of Women,Comedy
1784,Sleight,"Action,Drama,Sci-Fi"
1785,American Wrestler: The Wizard,"Drama,Sport"
1786,The Heartbreak Kid,"Comedy,Romance"
1787,Gone Girl,"Crime,Drama,Mystery"
1788,Whisky Galore,"Comedy,Romance"
1789,Friends With Benefits,Romance
1790,Ghosts of Girlfriends Past,Comedy
1791,Fallen,"Adventure,Drama,Fantasy"
1792,Real Steel,"Action,Drama,Family"
1793,Good Kids,Comedy
1794,Warcraft,"Action,Adventure,Fantasy"
1795,Storks,"Animation,Adventure,Comedy"
1796,"Hail, Caesar!","Comedy,Mystery"
1797,La migliore offerta,"Crime,Drama,Mystery"
1798,From Paris with Love,Action
1799,Warrior,"Action,Drama,Sport"
1801,Shin Gojira,"Action,Adventure,Drama"
1802,Argo,"Biography,Drama,History"
1803,Trance,"Crime,Drama,Mystery"
1804,Colombiana,Action
1805,Midnight Special,"Drama,Mystery,Sci-Fi"
1806,Sinister,"Horror,Mystery"
1807,Leatherheads,Comedy
1808,Collide,"Action,Crime,Thriller"
1809,Southpaw,"Drama,Sport"
1810,Jonah Hex,Action
1811,The Green Inferno,"Adventure,Horror"
1812,Tracktown,"Drama,Sport"
1813,Despicable Me,"Animation,Adventure,Comedy"
1814,Cowboys and Aliens,Action
1815,London Has Fallen,"Action,Crime,Drama"
1816,Queen of Katwe,"Biography,Drama,Sport"
1817,The Fast and the Furious: Tokyo Drift,"Action,Crime,Thriller"
1818,Shutter Island,"Mystery,Thriller"
1819,Toni Erdmann,"Comedy,Drama"
1820,Teenage Mutant Ninja Turtles,"Action,Adventure,Comedy"
1821,Avengers: Age of Ultron,"Action,Adventure,Sci-Fi"
1822,Rescue Dawn,"Adventure,Biography,Drama"
1823,This Means War,"Action,Comedy,Romance"
1824,Country Strong,Drama
1825,Appaloosa,Action
1826,Iron Man,Action
1827,Magic Mike XXL,"Comedy,Drama,Music"
1828,Twilight: Breaking Dawn,Romance
1829,Eddie the Eagle,"Biography,Comedy,Drama"
1830,Chef,"Comedy,Drama"
1831,Sex and the City,Comedy
1832,The Gambler,"Crime,Drama,Thriller"
1833,The Boy Next Door,"Mystery,Thriller"
1834,X-Men: Apocalypse,"Action,Adventure,Sci-Fi"
1835,The Lucky One,"Drama,Romance"
1836,The Kite Runner,Drama
1837,Oz the Great and Powerful,"Adventure,Family,Fantasy"
1838,Resident Evil: Afterlife,Action
1839,Daddy's Home,"Comedy,Family"
1840,The Muppets,Comedy
1841,Allegiant,"Action,Adventure,Mystery"
1842,Transformers: Dark of the Moon,Action
1843,17 Again,Comedy
1844,Predestination,"Drama,Mystery,Sci-Fi"
1845,The Infiltrator,"Biography,Crime,Drama"
1846,Body of Lies,"Action,Drama,Romance"
1847,No Country for Old Men,"Crime,Drama,Thriller"
1848,Mission: Impossible - Ghost Protocol,"Action,Adventure,Thriller"
1849,Final Destination 5,"Horror,Thriller"
1850,Blades of Glory,Comedy
1851,Step Up 2: The Streets,Drama
1852,Saw VI,Horror
1853,Zombieland,Action
1854,Let Me Make You a Martyr,"Action,Crime,Drama"
1855,The Visit,"Comedy,Horror,Thriller"
1856,Brooklyn,"Drama,Romance"
1857,Deja Vu,"Action,Sci-Fi,Thriller"
1858,Paul,Comedy
1859,The Ridiculous 6,"Comedy,Western"
1860,Untraceable,Thriller
1861,Love Happens,Drama
1862,Bastille Day,"Action,Crime,Drama"
1863,Super,"Comedy,Drama"
1864,A Very Harold and Kumar Christmas,Comedy
1865,The Lost City of Z,"Action,Adventure,Biography"
1866,Rambo,Action
1867,Piranha 3D,"Comedy,Horror,Thriller"
1868,Indiana Jones and the Kingdom of the Crystal Skull,"Action,Adventure,Fantasy"
1869,Good Luck Chuck,Comedy
1870,Cop Out,Action
1871,Money Monster,"Crime,Drama,Thriller"
1872,The Hobbit: The Desolation of Smaug,"Adventure,Fantasy"
1873,Juno,Comedy
1874,The Reaping,Horror
1875,Rambo,"Action,Thriller,War"
1876,Hesher,Drama
1877,3 Days to Kill,"Action,Drama,Thriller"
1878,Hunger,"Biography,Drama"
1879,Knocked Up,"Comedy,Romance"
1880,The Hills Have Eyes 2,Horror
1881,The Chronicles of Narnia: Prince Caspian,Action
1882,Disaster Movie,Comedy
1883,The Book of Life,"Animation,Adventure,Comedy"
1884,Dawn of the Planet of the Apes,"Action,Adventure,Drama"
1885,Cats & Dogs: The Revenge of Kitty Galore,Action
1886,I Am Legend,"Drama,Horror,Sci-Fi"
1887,American Reunion,Comedy
1888,Twin Peaks: The Missing Pieces,"Drama,Horror,Mystery"
1889,The House Bunny,"Comedy,Romance"
1890,Extract,Comedy
1891,Iris,Thriller
1892,The Dilemma,Comedy
1893,The Girl on the Train,"Crime,Drama,Mystery"
1894,Boyhood,Drama
1895,Sex Tape,"Comedy,Romance"
1896,The Eagle,Action
1897,127 Hours,"Adventure,Biography,Drama"
1898,13 Hours,"Action,Drama,History"
1899,A Monster Calls,"Drama,Fantasy"
1900,Joy,Drama
1901,Solitary Man,Comedy
1902,Old Dogs,Comedy
1903,Goosebumps,"Adventure,Comedy,Family"
1904,Goksung,"Drama,Fantasy,Horror"
1905,Atonement,"Drama,Mystery,Romance"
1906,The Duchess,Drama
1907,Ah-ga-ssi,"Drama,Mystery,Romance"
1908,The Hurt Locker,Drama
1909,The Devil Wears Prada,"Comedy,Drama"
1910,Case 39,Horror
1911,The Kingdom,Action
1912,Mad Max: Fury Road,"Action,Adventure,Sci-Fi"
1913,The Giver,"Drama,Romance,Sci-Fi"
1914,The Perks of Being a Wallflower,"Drama,Romance"
1915,The Princess and the Frog,"Animation,Adventure,Comedy"
1916,The Fault in Our Stars,"Drama,Romance"
1917,Blended,"Comedy,Romance"
1918,Gone Baby Gone,"Crime,Drama,Mystery"
1919,Inside Man,"Crime,Drama,Mystery"
1920,The Boy in the Striped Pyjamas,"Drama,War"
1921,P.S. I Love You,"Drama,Romance"
1922,Blood Diamond,"Adventure,Drama,Thriller"
1923,Nim's Island,Adventure
1924,Legend,"Biography,Crime,Drama"
1925,Underworld Awakening,"Action,Fantasy,Horror"
1926,Split,"Horror,Thriller"
1927,Forushande,"Drama,Thriller"
1928,Hostel: Part II,Horror
1929,The Chronicles of Narnia: The Voyage of the Dawn Treader,Adventure
1930,Total Recall,"Action,Adventure,Mystery"
1931,Wrecker,"Action,Horror,Thriller"
1932,The Blackcoat's Daughter,"Horror,Thriller"
1933,The Age of Shadows,"Action,Drama,Thriller"
1934,The Accountant,"Action,Crime,Drama"
1935,Viral,"Drama,Horror,Sci-Fi"
1936,White Girl,Drama
1937,Pete's Dragon,"Adventure,Family,Fantasy"
1938,Sherlock Holmes,"Action,Adventure,Crime"
1939,Premonition,Drama
1940,(500) Days of Summer,"Comedy,Drama,Romance"
1941,Jack Reacher,"Action,Crime,Mystery"
1942,Drillbit Taylor,Comedy
1943,The Love Guru,Comedy
1944,Paul,"Adventure,Comedy,Sci-Fi"
1945,Les Mis�rables,"Drama,Musical,Romance"
1946,Il racconto dei racconti - Tale of Tales,"Drama,Fantasy,Horror"
1947,Marley and Me,Comedy
1948,Ocean's 13,Thriller
1949,District 9,Action
1950,Extremely Loud and Incredibly Close,Drama
1951,Tooth Fairy,Comedy
1952,Nightcrawler,"Crime,Drama,Thriller"
1953,Dear John,Drama
1954,17 Again,"Comedy,Drama,Family"
1955,Pirates of the Caribbean: On Stranger Tides,Action
1956,Kicks,Adventure
1957,Zootopia,"Animation,Adventure,Comedy"
1958,We Are Your Friends,"Drama,Music,Romance"
1959,Machine Gun Preacher,Action
1960,Ma vie de Courgette,"Animation,Comedy,Drama"
1961,It's Only the End of the World,Drama
1962,The Dressmaker,"Comedy,Drama"
1963,That Awkward Moment,"Comedy,Romance"
1964,Chalk It Up,Comedy
1965,The Intouchables,"Biography,Comedy,Drama"
1966,How to Be Single,"Comedy,Romance"
1967,Bridesmaids,"Comedy,Romance"
1968,Final Girl,"Action,Thriller"
1969,Woman in Gold,"Biography,Drama,History"
1970,I Spit on Your Grave,"Crime,Horror,Thriller"
1971,The Girl Next Door,"Crime,Drama,Horror"
1972,Killers,Action
1973,The Expendables,"Action,Adventure,Thriller"
1974,Grindhouse,Action
1975,Friend Request,"Horror,Thriller"
1976,Into the Wild,"Adventure,Biography,Drama"
1977,Gamer,Action
1978,A Nightmare on Elm Street,Horror
1979,Srpski film,"Horror,Mystery,Thriller"
1980,Tyler Perry's Meet the Browns,Drama
1981,The Lego Movie,"Animation,Action,Adventure"
1982,G-Force,Action
1983,Mamma Mia!,Comedy
1984,A Bigger Splash,"Drama,Thriller"
1985,The Love Witch,"Comedy,Horror"
1986,Traitor,Thriller
1987,The Loft,"Mystery,Romance,Thriller"
1988,The Spirit,Action
1989,Christine,"Biography,Drama"
1990,The Adventures of Tintin,Adventure
1991,The Change Up,Comedy
1992,True Crimes,"Crime,Drama,Thriller"
1993,The Walk,"Adventure,Biography,Crime"
1994,Skyfall,"Action,Adventure,Thriller"
1995,Vantage Point,Thriller
1996,P.S. I Love You,Romance
1997,Don't Be Afraid Of The Dark,Horror
1998,He's Just Not That Into You,"Comedy,Drama,Romance"
1999,Alice Through the Looking Glass,"Adventure,Family,Fantasy"
2000,The Eye,Horror
2001,Take Me Home Tonight,Comedy
2002,Diary of a Wimpy Kid: Rodrick Rules,"Comedy,Family"
2003,The Conjuring 2,"Horror,Mystery,Thriller"
2004,Allied,"Action,Drama,Romance"
2005,The Three Musketeers,"Action,Adventure,Romance"
2006,Grindhouse,"Action,Horror,Thriller"
2007,Vanishing on 7th Street,Horror
2008,Hell or High Water,"Crime,Drama,Thriller"
2009,Hancock,"Action,Crime,Drama"
2010,Dance Flick,Action
2011,Conan the Barbarian,Action
2012,Pitch Perfect,"Comedy,Music,Romance"
2013,Bandslam,Comedy
2014,The Great Wall,"Action,Adventure,Fantasy"
2015,Kung Fu Panda 3,"Animation,Action,Adventure"
2016,Bronson,"Action,Biography,Crime"
2017,Michael Clayton,Thriller
2018,Doubt,Drama
2019,The Lovely Bones,"Drama,Fantasy,Thriller"
2020,Shooter,"Action,Crime,Drama"
2021,Predators,"Action,Adventure,Sci-Fi"
2022,City of Ember,Adventure
2023,Finding Dory,"Animation,Adventure,Comedy"
2024,Lucy,"Action,Sci-Fi,Thriller"
2025,The Thing,Horror
2026,Lovesong,Drama
2027,Date Night,Comedy
2028,30 Days of Night,Horror
2029,USS Indianapolis: Men of Courage,"Action,Drama,History"
2030,Next Day Air,Action
2031,Tower Heist,Comedy
2032,"Crazy, Stupid, Love.","Comedy,Drama,Romance"
2033,Robin Hood,Action
2034,Law Abiding Citizen,"Crime,Drama,Thriller"
2035,Street Fighter: The Legend of Chun-Li,Action
2036,Bridge to Terabithia,"Adventure,Drama,Family"
2037,Wall Street: Money Never Sleeps,Drama
2038,Lights Out,Horror
2039,Red Dawn,"Action,Thriller"
2040,Get Him to the Greek,Comedy
2041,Vacation,"Adventure,Comedy"
2042,Aliens in the Attic,Adventure
2043,Moana,"Animation,Adventure,Comedy"
2044,King Cobra,"Crime,Drama"
2045,Ninja Assassin,Action
2046,Forgetting Sarah Marshall,Comedy
2047,Kick-Ass 2,"Action,Comedy,Crime"
2048,The Departed,"Crime,Drama,Thriller"
2049,Drive Angry,Action
2050,Mechanic: Resurrection,"Action,Adventure,Crime"
2051,Public Enemies,"Biography,Crime,Drama"
2052,Sully,"Biography,Drama"
2053,Yogi Bear,Comedy
2054,Nine Lives,"Comedy,Family,Fantasy"
2055,Star Trek,"Action,Adventure,Sci-Fi"
2056,Children of Men,"Drama,Sci-Fi,Thriller"
2057,True Grit,Adventure
2058,Pan,"Adventure,Family,Fantasy"
2059,Drag Me to Hell,Horror
2060,Contagion,Thriller
2061,Hancock,Action
2062,Patriots Day,"Drama,History,Thriller"
2063,Terminator Salvation,"Action,Adventure,Drama"
2064,The Ugly Truth,"Comedy,Romance"
2065,G.I. Joe: The Rise of Cobra,Action
2066,The Illusionist,"Drama,Mystery,Romance"
2067,Predators,Action
2068,Pandorum,"Action,Horror,Mystery"
2069,"1408,0","Fantasy,Horror"
2070,Diary of a Wimpy Kid,Comedy
2071,Everest,"Action,Adventure,Drama"
2072,Green Lantern,"Action,Adventure,Sci-Fi"
2073,Watchmen,"Action,Drama,Mystery"
2074,The Longest Ride,"Drama,Romance"
2075,Lion,"Biography,Drama"
2076,Lavender,"Drama,Thriller"
2077,The Gift,"Mystery,Thriller"
2078,The Karate Kid,Action
2079,Paint It Black,Drama
2080,The Theory of Everything,"Biography,Drama,Romance"
2081,Enchanted,"Animation,Comedy,Family"
2082,Nocturnal Animals,"Drama,Thriller"
2083,Limitless,"Mystery,Sci-Fi,Thriller"
2084,Sweeney Todd: The Demon Barber of Fleet Street,"Drama,Horror,Musical"
2085,Evan Almighty,Comedy
2086,Smart People,Comedy
2087,Footloose,"Comedy,Drama,Music"
2088,The Purge,"Horror,Sci-Fi,Thriller"
2089,Death Proof,Thriller
2090,District 9,"Action,Sci-Fi,Thriller"
2091,Ant-Man,"Action,Adventure,Comedy"
2092,The Green Hornet,Action
2093,Anthropoid,"Biography,History,Thriller"
2094,Scream 4,"Horror,Mystery"
2095,Captain America: The First Avenger,"Action,Adventure,Sci-Fi"
2096,Me and Earl and the Dying Girl,"Comedy,Drama"
2097,The Butler,"Biography,Drama"
2098,Stop-Loss,Drama
2099,The Drop,"Crime,Drama,Mystery"
2100,Lucky Number Slevin,"Crime,Drama,Mystery"
2101,Jurassic World,"Action,Adventure,Sci-Fi"
2102,Halloween,Horror
2103,The Dark Knight Rises,"Action,Thriller"
2104,Drive,Thriller
2105,"Alexander and the Terrible, Horrible, No Good, Very Bad Day","Comedy,Family"
2106,Spectre,"Action,Adventure,Thriller"
2107,Sex Drive,Adventure
2108,The Hunger Games: Mockingjay - Part 1,"Action,Adventure,Sci-Fi"
2109,The Bourne Ultimatum,Thriller
2110,Shutter Island,Drama
2111,You Again,Comedy
2112,My Big Fat Greek Wedding 2,"Comedy,Family,Romance"
2113,Harold and Kumar Escape from Guantanamo Bay,Adventure
2114,A Walk Among the Tombstones,"Crime,Drama,Mystery"
2115,Jackie,"Biography,Drama,History"
2116,The Ides of March,Thriller
2117,Free Fire,"Action,Comedy,Crime"
2118,Swing Vote,Comedy
2119,The Other Guys,Action
2120,Paris pieds nus,Comedy
2121,Collateral Beauty,"Drama,Romance"
2122,Jason Bourne,"Action,Thriller"
2123,Morgan,"Horror,Sci-Fi,Thriller"
2124,Mr. Nobody,"Drama,Fantasy,Romance"
2125,The Man from U.N.C.L.E.,"Action,Adventure,Comedy"
2126,Year One,Adventure
2127,Swiss Army Man,"Adventure,Comedy,Drama"
2128,Ted 2,"Adventure,Comedy,Romance"
2129,Gravity,"Drama,Sci-Fi,Thriller"
2130,Mission: Impossible - Rogue Nation,"Action,Adventure,Thriller"
2131,Fast Five,Action
2132,Tomorrowland,"Action,Adventure,Family"
2133,Victor Frankenstein,"Drama,Horror,Sci-Fi"
2134,Wrath of the Titans,"Action,Adventure,Fantasy"
2135,Unknown,"Action,Mystery,Thriller"
2136,San Andreas,"Action,Adventure,Drama"
2137,The Happening,"Sci-Fi,Thriller"
2138,Jack and Jill,Comedy
2139,Into the Woods,"Adventure,Comedy,Drama"
2140,The Mummy: Tomb of the Dragon Emperor,Action
2141,Next,Thriller
2142,Prince of Persia: The Sands of Time,"Action,Adventure,Fantasy"
2143,The A-Team,Action
2144,Kingsman: The Secret Service,"Action,Adventure,Comedy"
2145,Raw (II),"Drama,Horror"
2146,The Conspirator,Drama
2147,Hachi: A Dog's Tale,"Drama,Family"
2148,Clown,"Horror,Thriller"
2149,Norbit,Comedy
2150,The Hobbit: An Unexpected Journey,"Adventure,Fantasy"
2151,The Stakelander,"Action,Horror"
2152,How to Train Your Dragon 2,"Animation,Action,Adventure"
2153,Kick-Ass,Action
2154,Seven Pounds,"Drama,Romance"
2155,12 Rounds,Action
2156,Bride Wars,Comedy
2157,Prom Night,Horror
2158,Meet the Spartans,Comedy
2159,Duplicity,Romance
2160,Saw IV,Horror
2161,Footloose,Drama
2162,The Neighbor,"Crime,Horror,Thriller"
2163,Pathfinder: Legend of the Ghost Warrior,Action
2164,Birdman or (The Unexpected Virtue of Ignorance),"Comedy,Drama,Romance"
2165,Harry Potter and the Deathly Hallows Part 1,Adventure
2166,Remember Me,Drama
2167,The Bank Job,Thriller
2168,Antichrist,"Drama,Horror"
2169,Demolition,"Comedy,Drama"
2170,Bridget Jones's Baby,"Comedy,Romance"
2171,My Soul to Take,Horror
2172,Monsters University,"Animation,Adventure,Comedy"
2173,Maudie,"Biography,Drama,Romance"
2174,Role Models,Comedy
2175,The Twilight Saga: Eclipse,"Adventure,Drama,Fantasy"
2176,The Dark Knight,Thriller
2177,Amelia,Adventure
2178,Superhero Movie,Comedy
2179,Silver Linings Playbook,"Comedy,Drama,Romance"
2180,W.,Drama
2181,American Hustle,"Crime,Drama"
2182,Orphan,"Horror,Mystery,Thriller"
2183,Need for Speed,"Action,Crime,Drama"
2184,Sex and the City 2,Comedy
2185,Solace,"Crime,Drama,Mystery"
2186,I'm Still Here,Comedy
2187,The Daughter,Drama
2188,The King's Speech,"Biography,Drama"
2189,Mad Money,Comedy
2190,The Hunger Games,"Adventure,Sci-Fi,Thriller"
2191,He's Just Not That Into You,Comedy
2192,One Day,Romance
2193,The 9th Life of Louis Drax,"Mystery,Thriller"
2194,The Wolverine,"Action,Adventure,Sci-Fi"
2195,High School Musical 3: Senior Year,Comedy
2196,The Girl With The Dragon Tattoo,Thriller
2197,Not Easily Broken,Drama
2198,The Guest,Thriller
2199,The Grand Budapest Hotel,"Adventure,Comedy,Drama"
2200,The Lobster,"Comedy,Drama,Romance"
2201,Zodiac,Thriller
2202,The Fall,"Adventure,Comedy,Drama"
2203,Zack and Miri Make a Porno,"Comedy,Romance"
2204,No Strings Attached,"Comedy,Romance"
2205,Cinderella,"Drama,Family,Fantasy"
2206,Unbroken,"Biography,Drama,Sport"
2207,Jack Ryan: Shadow Recruit,"Action,Drama,Thriller"
2208,Vampires Suck,Comedy
2209,Repo Men,Action
2210,The Final Destination,Horror
2211,Tron,"Action,Adventure,Sci-Fi"
2212,Nancy Drew,Thriller
2213,Fast & Furious,"Action,Crime,Thriller"
2214,The Last Exorcism,Drama
2215,The Artist,Drama
2216,Marie Antoinette,"Biography,Drama,History"
2217,The International,Action
2218,Terminator Salvation,Action
2219,Faster	,Action
2220,Knocked Up,Comedy
2221,M�n som hatar kvinnor,"Drama,Mystery,Thriller"
2222,Deadpool,"Action,Adventure,Comedy"
2223,The Longshots,Comedy
2224,Dragonball Evolution,"Action,Adventure,Fantasy"
2225,Extraordinary Measures	,Drama
2226,My Sister's Keeper,Drama
2227,Dallas Buyers Club,"Biography,Drama"
2228,The Belko Experiment,"Action,Horror,Thriller"
2229,Ghost Rider,"Action,Fantasy,Thriller"
2230,"300,0","Action,Fantasy,War"
2231,It Follows,"Horror,Mystery"
2232,Thor,Action
2233,Life of Pi,"Adventure,Drama,Fantasy"
2234,Minions,"Animation,Action,Adventure"
2235,The Losers,Action
2236,En man som heter Ove,"Comedy,Drama"
2237,Black Swan,"Drama,Thriller"
2238,Winter's Bone,Drama
2239,Nick and Norah's Infinite Playlist,Comedy
2240,The Disappointments Room,"Drama,Horror,Thriller"
2241,2307: Winter's Dream,Sci-Fi
2242,Iron Man 2,Action
2243,Rio,"Animation,Adventure,Comedy"
2244,The Wolfman,Drama
2245,The Amazing Spider-Man 2,"Action,Adventure,Sci-Fi"
2246,The Uninvited,Drama
2247,Penelope,Comedy
2248,Django Unchained,"Drama,Western"
2249,Semi-Pro,Comedy
2250,Crank: High Voltage,Action
2251,Something Borrowed,Romance
2252,The Last Airbender,"Action,Adventure,Family"
2253,Quantum of Solace,"Action,Adventure,Thriller"
2254,High-Rise,Drama
2255,Fast Five,"Action,Crime,Thriller"
2256,Transformers,Action
2257,The Gunman,"Action,Crime,Drama"
2258,Sing Street,"Comedy,Drama,Music"
2259,Fantastic Four,"Action,Adventure,Sci-Fi"
2260,The Revenant,"Adventure,Drama,Thriller"
2261,Beowulf,"Animation,Action,Adventure"
2262,City Island,Comedy
2263,Arthur,Comedy
2264,Office Christmas Party,Comedy
2265,College Road Trip,Adventure
2266,The Incredible Hulk,Action
2267,Harry Potter and the Half-Blood Prince,Adventure
2268,Kubo and the Two Strings,"Animation,Adventure,Family"
2269,Marmaduke,Comedy
2270,The Secret Scripture,Drama
2271,Pirates of the Caribbean: At World's End,"Action,Adventure,Fantasy"
2272,Piranha 3-D,Comedy
2273,Crimson Peak,"Drama,Fantasy,Horror"
2274,Hardcore Henry,"Action,Adventure,Sci-Fi"
2275,The Imitation Game,"Biography,Drama,Thriller"
2276,Man Down,"Drama,Thriller"
2277,Source Code,"Mystery,Romance,Sci-Fi"
2278,Cloverfield,"Action,Horror,Sci-Fi"
2279,The Haunting in Connecticut,Drama
2280,Miracle at St. Anna,Action
2281,Why Him?,Comedy
2282,Halloween II,Horror
2283,Search Party,"Adventure,Comedy"
2284,Planet Terror,"Action,Comedy,Horror"
2285,Lincoln,"Biography,Drama,History"
2286,Barbershop: The Next Cut,"Comedy,Drama"
2287,The Void,"Horror,Mystery,Sci-Fi"
2288,The Incredible Hulk,"Action,Adventure,Sci-Fi"
2289,Shark Night 3D,Horror
2290,Source Code,Thriller
2291,Below Her Mouth,Drama
2292,Your Highness,"Adventure,Comedy,Fantasy"
2293,The Maze Runner,"Action,Mystery,Sci-Fi"
2294,Sucker Punch,"Action,Fantasy"
2295,Scream 4,Horror
2296,Knight of Cups,"Drama,Romance"
2297,Tall Men,"Fantasy,Horror,Thriller"
2298,Personal Shopper,"Drama,Mystery,Thriller"
2299,The Kings of Summer,"Adventure,Comedy,Drama"
2300,Miss Pettigrew Lives for a Day,Comedy
2301,Nine,Drama
2302,Journey to the Center of the Earth,Action
2303,The Midnight Meat Train,"Horror,Mystery"
2304,Spider-Man 3,"Action,Adventure"
2305,Cirque du Freak: The Vampire's Assistant,Action
2306,"2012,0",Action
2307,Red State,Horror
2308,Men in Black 3,"Action,Adventure,Comedy"
2309,Changeling,Drama
2310,X-Men: Days of Future Past,"Action,Adventure,Sci-Fi"
2311,No Country for Old Men,Drama
2312,Mindhorn,Comedy
2313,10 Cloverfield Lane,"Drama,Horror,Mystery"
2314,A Hologram for the King,"Comedy,Drama"
2315,Waitress,Romance
2316,Child 44,"Crime,Drama,Thriller"
2317,Paranormal Activity 3,Horror
2318,MacGruber,Action
2319,Bacalaureat,"Crime,Drama"
2320,Inherent Vice,"Comedy,Crime,Drama"
2321,Sucker Punch,Action
2322,Cloverfield,Action
2323,300: Rise of an Empire,"Action,Drama,Fantasy"
2324,Pompeii,"Action,Adventure,Drama"
2325,Edge of Tomorrow,"Action,Adventure,Sci-Fi"
2326,Closed Circuit,"Crime,Drama,Mystery"
2327,War Dogs,"Comedy,Crime,Drama"
2328,Quarantine,Horror
2329,Never Back Down,Action
2330,An Education,Drama
2331,The Girl with All the Gifts,"Drama,Horror,Thriller"
2332,Nymphomaniac: Vol. II,Drama
2333,Hunt for the Wilderpeople,"Adventure,Comedy,Drama"
2334,Beastly,Romance
2335,Idiocracy,"Adventure,Comedy,Sci-Fi"
2336,Love & Friendship,"Comedy,Drama,Romance"
2337,The Amazing Spider-Man,"Action,Adventure"
2338,The Day the Earth Stood Still,Thriller
2339,Transcendence,"Drama,Mystery,Romance"
2340,The Proposal,"Comedy,Drama,Romance"
2341,Yoga Hosers,"Comedy,Fantasy,Horror"
2342,Nights in Rodanthe,Drama
2343,I Am the Pretty Thing That Lives in the House,Thriller
2344,Hotel for Dogs,Comedy
2345,Live Free or Die Hard,"Action,Adventure,Thriller"
2346,Don't Think Twice,"Comedy,Drama"
2347,She's Out of My League,Comedy
2348,Mean Dreams,Thriller
2349,Green Room,"Crime,Horror,Thriller"
2350,Deepwater Horizon,"Action,Drama,Thriller"
2351,Chuck,"Biography,Drama,Sport"
2352,Bride Wars,"Comedy,Romance"
2353,"Definitely, Maybe",Comedy
2354,Daddy Day Camp,Comedy
2355,Half of a Yellow Sun,"Drama,Romance"
2356,Life as We Know It,"Comedy,Drama,Romance"
2357,Miss Sloane,"Drama,Thriller"
2358,Elle,"Crime,Drama,Thriller"
2359,She's Out of My League,"Comedy,Romance"
2360,Bridesmaids,Comedy
2361,Teenage Mutant Ninja Turtles: Out of the Shadows,"Action,Adventure,Comedy"
2362,Silent Hill,"Adventure,Horror,Mystery"
2363,Youth,"Comedy,Drama,Music"
2364,Take Me Home Tonight,"Comedy,Drama,Romance"
2365,The Adjustment Bureau,Thriller
2366,Spring Breakers,Drama
2367,Everything Must Go,Drama
2368,Anonymous,Drama
2369,"42,0","Biography,Drama,Sport"
2370,Twilight,Romance
2371,John Wick,"Action,Crime,Thriller"
2372,Killer Elite,Action
2373,Captain Phillips,"Biography,Drama,Thriller"
2374,Florence Foster Jenkins,"Biography,Comedy,Drama"
2375,Guardians of the Galaxy,"Action,Adventure,Sci-Fi"
2376,The Last Witch Hunter,"Action,Adventure,Fantasy"
2377,The Last Song,Drama
2378,Thor: The Dark World,"Action,Adventure,Fantasy"
2379,Unstoppable,Action
2380,Let's Be Cops,Comedy
2381,Dylan Dog: Dead of Night,Horror
2382,The Boy in the Striped Pyjamas,Drama
2383,Speed Racer,Action
2384,La vie d'Ad�le,"Drama,Romance"
2385,Dredd,"Action,Sci-Fi"
2386,Waiting For Forever,Romance
2387,Avatar,"Action,Adventure,Fantasy"
2388,Mama,"Horror,Thriller"
2389,Room,Drama
2390,The Roommate,Horror
2391,Exposed,"Crime,Drama,Mystery"
2392,Furry Vengeance	,Comedy
2393,Legion,Action
2394,Folk Hero & Funny Guy,Comedy
2395,Oculus,"Horror,Mystery"
2396,Indiana Jones and the Kingdom of the Crystal Skull,Action
2397,Gods of Egypt,"Action,Adventure,Fantasy"
2398,Shutter,Horror
2399,Wanted,"Action,Crime,Fantasy"
2400,The Heartbreak Kid,Comedy
2401,Mr. Right,"Action,Comedy,Romance"
2402,The Siege of Jadotville,"Action,Drama,Thriller"
2403,Pet,"Horror,Thriller"
2404,Immortals,"Action,Drama,Fantasy"
2405,Detour,Thriller
2406,The Invitation,"Drama,Mystery,Thriller"
2407,Lawless,"Crime,Drama"
2408,Megan Is Missing,"Drama,Horror,Thriller"
2409,Turbo Kid,"Action,Adventure,Comedy"
2410,Ben-Hur,"Action,Adventure,Drama"
2411,Greenberg,Comedy
2412,Sleeping with Other People,"Comedy,Drama,Romance"
2413,Hairspray,"Comedy,Drama,Family"
2414,Gran Torino,Drama
2415,Hush,"Horror,Thriller"
2416,Ice Age: Collision Course,"Animation,Adventure,Comedy"
2417,Race to Witch Mountain,Action
2418,Prisoners,"Crime,Drama,Mystery"
2419,Arrival,"Drama,Mystery,Sci-Fi"
2420,I.T.,"Crime,Drama,Mystery"
2421,Kick-Ass,"Action,Comedy"
2422,Taking Woodstock,Comedy
2423,Harry Potter and the Deathly Hallows: Part 2,"Adventure,Drama,Fantasy"
2424,Rocky Balboa,"Drama,Sport"
2425,Trainwreck,"Comedy,Drama,Romance"
2426,American Gangster,"Biography,Crime,Drama"
2427,Battle: Los Angeles,Action
2428,Abduction,Action
2429,The Stanford Prison Experiment,"Biography,Drama,History"
2430,Paterson,"Comedy,Drama,Romance"
2431,Inkheart,Adventure
2432,Get Smart,Action
2433,Kynodontas,"Drama,Thriller"
2434,Super 8,Horror
2435,Live by Night,"Crime,Drama"
2436,Grimsby,"Action,Adventure,Comedy"
2437,Burnt,"Comedy,Drama"
2438,We're the Millers,"Comedy,Crime"
2439,Zero Dark Thirty,"Drama,History,Thriller"
2440,Hanna,"Action,Drama,Thriller"
2441,The Heat,"Action,Comedy,Crime"
2442,Pride and Prejudice and Zombies,"Action,Horror,Romance"
2443,The Internship,Comedy
2444,Transformers: Dark of the Moon,"Action,Adventure,Sci-Fi"
2445,The Cabin in the Woods,Horror
2446,A Cure for Wellness,"Drama,Fantasy,Horror"
2447,Insidious,Horror
2448,Snow White and the Huntsman,"Action,Adventure,Drama"
2449,Eastern Promises,"Crime,Drama,Mystery"
2450,3 Idiots,"Comedy,Drama"
2451,Kit Kittredge: An American Girl,Drama
2452,The Assignment,"Action,Crime,Thriller"
2453,50/50,"Comedy,Drama,Romance"
2454,The Joneses,Comedy
2455,Fantastic Mr. Fox,"Animation,Adventure,Comedy"
2456,J.Edgar,Drama
2457,Hall Pass,Comedy
2458,Burn After Reading,Comedy
2459,Ted,"Comedy,Fantasy"
2460,In the Heart of the Sea,"Action,Adventure,Biography"
2461,Their Finest,"Comedy,Drama,Romance"
2462,The Man Who Knew Infinity,"Biography,Drama"
2463,Prince of Persia: The Sands of Time,Action
2464,The Wolf of Wall Street,"Biography,Comedy,Crime"
2465,5- 25- 77,"Comedy,Drama"
2466,Let Me In,"Drama,Horror,Mystery"
2467,La tortue rouge,"Animation,Fantasy"
2468,Orphan,Horror
2469,Tron: Legacy,Action
2470,Hot Fuzz,"Action,Comedy,Mystery"
2471,X-Men Origins: Wolverine,"Action,Adventure,Sci-Fi"
2472,Anna Karenina,"Drama,Romance"
2473,No Reservations,Comedy
2474,The Road,"Adventure,Drama"
2475,Unknown,Thriller
2476,Point Break,"Action,Crime,Sport"
2477,The Big Year,Comedy
2478,In Time,"Action,Sci-Fi,Thriller"
2479,Beverly Hills Chihuahua,Adventure
2480,The First Time,"Comedy,Drama,Romance"
2481,Dream House,Horror
2482,Soul Men,Comedy
2483,Jennifer's Body,"Comedy,Horror"
2484,The Other Boleyn Girl,"Biography,Drama,History"
2485,The Edge of Seventeen,"Comedy,Drama"
2486,Only for One Night,Thriller
2487,The Rum Diary,Drama
2488,The Mortal Instruments: City of Bones,"Action,Fantasy,Horror"
2489,Transformers: Age of Extinction,"Action,Adventure,Sci-Fi"
2490,Your Highness,Comedy
2491,The Iron Lady,Drama
2492,Green Lantern,Action
2493,Midnight in Paris,"Comedy,Fantasy,Romance"
2494,Fired Up!,Comedy
2495,The Expendables,Action
2612,Loving,"Biography,Drama,Romance"
2496,Talladega Nights: The Ballad of Ricky Bobby,"Action,Comedy,Sport"
2497,Jane Eyre,"Drama,Romance"
2498,Inglourious Basterds,"Adventure,Drama,War"
2499,The Counselor,"Crime,Drama,Thriller"
2500,Black Mass,"Biography,Crime,Drama"
2501,Pineapple Express,Action
2502,Sex and the City,"Comedy,Drama,Romance"
2503,Macbeth,"Drama,War"
2504,A Million Ways to Die in the West,"Comedy,Romance,Western"
2505,Dead Awake,"Horror,Thriller"
2506,Koe no katachi,"Animation,Drama,Romance"
2507,Mission: Impossible III,"Action,Adventure,Thriller"
2508,The Ticket,Drama
2509,Annie,"Comedy,Drama,Family"
2510,Percy Jackson: Sea of Monsters,"Adventure,Family,Fantasy"
2511,Custody,Drama
2512,The Assassination of Jesse James by the Coward Robert Ford,"Biography,Crime,Drama"
2513,Unstoppable,"Action,Thriller"
2514,Red Riding Hood,Horror
2515,The Bourne Legacy,"Action,Adventure,Mystery"
2516,Bad Moms,Comedy
2517,The Martian,"Adventure,Drama,Sci-Fi"
2518,Cedar Rapids,Comedy
2519,Scouts Guide to the Zombie Apocalypse,"Action,Comedy,Horror"
2520,Morning Glory,Comedy
2521,Rise of the Planet of the Apes,"Action,Drama,Sci-Fi"
2522,The Place Beyond the Pines,"Crime,Drama,Thriller"
2523,Transformers: Revenge of the Fallen,Action
2524,Megamind,"Animation,Action,Comedy"
2525,Colossal,"Action,Comedy,Drama"
2526,Creed,"Drama,Sport"
2527,Under the Same Moon,Drama
2528,Armored,Action
2529,The Judge,"Crime,Drama"
2530,Everybody Wants Some!!,Comedy
2531,Body of Lies,Action
2532,Where the Wild Things Are,Adventure
2533,We Bought a Zoo,Comedy
2534,The Box,Drama
2535,Stardust,Adventure
2536,Interstellar,"Adventure,Drama,Sci-Fi"
2537,Vicky Cristina Barcelona,Romance
2538,The BFG,"Adventure,Family,Fantasy"
2539,Horns,"Drama,Fantasy,Horror"
2540,Live Free or Die Hard,Action
2541,Australia,"Adventure,Drama,Romance"
2542,"2012,0","Action,Adventure,Sci-Fi"
2543,X-Men: The Last Stand,"Action,Adventure,Fantasy"
2544,Enemy,"Mystery,Thriller"
2545,Clash of the Titans,"Action,Adventure,Fantasy"
2546,Keanu,"Action,Comedy"
2547,Coherence,"Mystery,Sci-Fi,Thriller"
2548,Aliens vs Predator - Requiem,"Action,Horror,Sci-Fi"
2549,Tropic Thunder,Comedy
2550,Eagle Eye,Action
2551,Devil's Knot,"Biography,Crime,Drama"
2552,Melancholia,Drama
2553,Funny People,Comedy
2554,Denial,"Biography,Drama"
2555,X: First Class,"Action,Adventure,Sci-Fi"
2556,Zipper,"Drama,Thriller"
2557,Trolls,"Animation,Adventure,Comedy"
2558,Kung Fu Panda,"Animation,Action,Adventure"
2559,Four Christmases,Comedy
2560,Hot Tub Time Machine,Adventure
2561,Brothers,Drama
2562,Man on a Ledge,"Action,Crime,Thriller"
2563,Straight Outta Compton,"Biography,Drama,History"
2564,The Twilight Saga: Breaking Dawn - Part 1,"Adventure,Drama,Fantasy"
2565,Dragonball Evolution,Action
2566,Lions for Lambs,Drama
2567,War on Everyone,"Action,Comedy"
2568,28 Weeks Later,"Drama,Horror,Sci-Fi"
2569,We Own the Night,Drama
2570,The Son Of No One,Thriller
2571,Diary of a Wimpy Kid 2: Rodrick Rules,Comedy
2572,Whiskey Tango Foxtrot,"Biography,Comedy,Drama"
2573,Me Before You,"Drama,Romance"
2574,Sanctum,Action
2575,Cars 2,"Animation,Adventure,Comedy"
2576,Babel,Drama
2577,The Lincoln Lawyer,Drama
2578,Step Up 3D,Drama
2579,Rupture,"Horror,Sci-Fi,Thriller"
2580,Masterminds,"Action,Comedy,Crime"
2581,Watchmen,Action
2582,Inferno,"Action,Adventure,Crime"
2583,The Sitter,Comedy
2584,Apocalypto,"Action,Adventure,Drama"
2585,The Headhunter's Calling,Drama
2586,Miracles from Heaven,"Biography,Drama,Family"
2587,The Social Network,"Biography,Drama"
2588,Iron Man 2,"Action,Adventure,Sci-Fi"
2589,Dark Places,"Drama,Mystery,Thriller"
2590,In Dubious Battle,Drama
2591,Mr. Brooks,Thriller
2592,Juno,"Comedy,Drama"
2593,Inside Out,"Animation,Adventure,Comedy"
2594,Rock Dog,"Animation,Adventure,Comedy"
2595,About Time,"Comedy,Drama,Fantasy"
2596,Project X,Comedy
2597,Australia,Adventure
2598,L'avenir,Drama
2599,Hands of Stone,"Action,Biography,Drama"
2600,The Game Plan,Comedy
2601,The VVitch: A New-England Folktale,"Horror,Mystery"
2602,Ratatouille,"Animation,Comedy,Family"
2603,The Mechanic,Action
2604,Hitman,Action
2605,The Big Short,"Biography,Comedy,Drama"
2606,Bruno,Comedy
2607,Seventh Son,"Action,Adventure,Fantasy"
2608,Into the Wild,Drama
2609,Eagle Eye,"Action,Mystery,Thriller"
2610,Red,Action
2611,Moneyball,"Biography,Drama,Sport"
2613,Underworld: Rise of the Lycans,Action
2614,Relatos salvajes,"Comedy,Drama,Thriller"
2615,Apollo 18,Horror
2616,Death Race,"Action,Sci-Fi,Thriller"
2617,Knowing,Drama
2618,Mother's Day,"Comedy,Drama"
2619,Stake Land,"Drama,Horror,Sci-Fi"
2620,Beautiful Creatures,"Drama,Fantasy,Romance"
2621,The Nanny Diaries,Comedy
2622,Across the Universe,"Drama,Fantasy,Musical"
2623,Dolphin Tale,Drama
2624,Zoolander 2,Comedy
2625,Absolutely Anything,"Comedy,Sci-Fi"
2626,The Expendables 2,"Action,Adventure,Thriller"
2627,Grown Ups 2,Comedy
2628,Pirates of the Caribbean: On Stranger Tides,"Action,Adventure,Fantasy"
2629,Shooter,Action
2630,Valentine's Day,Comedy
2631,Self/less,"Action,Mystery,Sci-Fi"
2632,Handsome Devil,Drama
2633,Remember Me,"Drama,Romance"
2634,Concussion,"Biography,Drama,Sport"
2635,"Pirate Radio (The Boat that Rocked, UK)",Comedy
2636,Hercules,"Action,Adventure"
2637,Real Steel,Action
2638,Suicide Squad,"Action,Adventure,Fantasy"
2639,Across the Universe,Romance
2640,(500) Days of Summer,Comedy
2641,"I, Daniel Blake",Drama
2642,Battleship,"Action,Adventure,Sci-Fi"
2643,88 Minutes,Drama
2644,Shut In,"Drama,Horror,Thriller"
2645,The Avengers,"Action,Sci-Fi"
2646,Passengers,"Adventure,Drama,Romance"
2647,Popstar: Never Stop Never Stopping,"Comedy,Music"
2648,Under the Skin,"Drama,Horror,Sci-Fi"
2649,Dear White People,"Comedy,Drama"
2650,Little Fockers,Comedy
2651,Nymphomaniac: Vol. I,Drama
2652,There Will Be Blood,"Drama,History"
2653,The Crazies,Horror
2654,Adventureland,Comedy
2655,The Hunger Games: Catching Fire,"Action,Adventure,Mystery"
2656,The World's End,"Action,Comedy,Sci-Fi"
2657,TMNT,Action
2658,Moonrise Kingdom,"Adventure,Comedy,Drama"
2659,Nanny McPhee Returns,Comedy
2660,The House Bunny,Comedy
2661,Rogue One,"Action,Adventure,Sci-Fi"
2662,Jagten,Drama
2663,Love & Other Drugs,Comedy
2664,The Imaginarium of Doctor Parnassus,"Adventure,Fantasy,Mystery"
2665,Bangkok Dangerous,Action
2666,Evil Dead,"Fantasy,Horror"
2667,The Intern,"Comedy,Drama"
2668,The Unborn,Horror
2669,Lady Macbeth,Drama
2670,Blair Witch,"Horror,Thriller"
2671,The Beaver,Drama
2672,Priest,Action
2673,Obsessed,Drama
2674,Contratiempo,"Crime,Mystery,Thriller"
2675,The Purge: Election Year,"Action,Horror,Sci-Fi"
2676,Please Give,Comedy
2677,Caf� Society,"Comedy,Drama,Romance"
2678,Letters to Juliet,Comedy
2679,Babylon A.D.,Action
2680,Alice in Wonderland,"Adventure,Family,Fantasy"
2681,Regression,"Crime,Drama,Mystery"
2682,Up in the Air,Drama
2683,Don't Fuck in the Woods,Horror
2684,Paul Blart: Mall Cop,Action
2685,Step Up 2: The Streets,"Drama,Music,Romance"
2686,National Treasure: Book of Secrets,Thriller
2687,Night at the Museum: Secret of the Tomb,"Adventure,Comedy,Family"
2688,After Earth,"Action,Adventure,Sci-Fi"
2689,No Escape,"Action,Thriller"
2690,RoboCop,"Action,Crime,Sci-Fi"
2691,21 Jump Street,"Action,Comedy,Crime"
2692,August Rush,"Drama,Music"
2693,Manchester by the Sea,Drama
2694,The Best of Me,"Drama,Romance"
2695,I Origins,"Drama,Romance,Sci-Fi"
2696,Dinner for Schmucks,Comedy
2697,The Strangers,Horror
2698,Percy Jackson & the Olympians: The Lightning Thief,Action
2699,The Thinning,Thriller
2700,Happy Feet,"Animation,Comedy,Family"
2701,Satanic,Horror
2702,Sisters,Comedy
2703,Buried,Drama
2704,Texas Chainsaw 3D,"Horror,Thriller"
2705,Fury,"Action,Drama,War"
2706,Batman v Superman: Dawn of Justice,"Action,Adventure,Sci-Fi"
2707,The Babadook,"Drama,Horror"
2708,Iron Man,"Action,Adventure,Sci-Fi"
2709,Pirates of the Caribbean: Dead Man's Chest,"Action,Adventure,Fantasy"
2710,Freedom Writers,"Biography,Crime,Drama"
2711,Before I Wake,"Drama,Fantasy,Horror"
2712,Sin City: A Dame to Kill For,"Action,Crime,Thriller"
2713,Oblivion,"Action,Adventure,Mystery"
2714,Tyler Perry's The Family That Preys,Drama
2715,Insidious,"Horror,Mystery,Thriller"
2716,Maleficent,"Action,Adventure,Family"
2717,Up in the Air,"Drama,Romance"
2718,The Proposal,Comedy
2719,Grown Ups	,Comedy
2720,Hugo,Adventure
2721,The Light Between Oceans,"Drama,Romance"
2722,Bonjour Anne,"Comedy,Drama,Romance"
2723,Never Back Down,"Action,Drama,Sport"
2724,Jane Eyre,Romance
2725,Hachiko: A Dog's Story,Drama
2726,Hugo,"Adventure,Drama,Family"
2727,Spy,"Action,Comedy,Crime"
2728,The Danish Girl,"Biography,Drama,Romance"
2729,Ballerina,"Animation,Adventure,Comedy"
2730,The Whole Truth,"Crime,Drama,Mystery"
2731,Mike and Dave Need Wedding Dates,"Adventure,Comedy,Romance"
2732,Punisher: War Zone,Action
2733,Her,"Drama,Romance,Sci-Fi"
2734,The Secret Life of Walter Mitty,"Adventure,Comedy,Drama"
2735,Tinker Tailor Soldier Spy,Thriller
2736,The Soloist,Drama
2737,The Karate Kid,"Action,Drama,Family"
2738,Norman: The Moderate Rise and Tragic Fall of a New York Fixer,"Drama,Thriller"
2739,Movie 43,"Comedy,Romance"
2740,Forgetting Sarah Marshall,"Comedy,Drama,Romance"
2741,Prometheus,"Adventure,Mystery,Sci-Fi"
2742,The Hangover Part II,Comedy
2743,Annabelle,"Horror,Mystery,Thriller"
2744,Wild,"Adventure,Biography,Drama"
2745,The Hateful Eight,"Crime,Drama,Mystery"
2746,The Shallows,"Drama,Horror,Thriller"
2747,The Three Musketeers,Action
2748,Pan's Labyrinth,"Drama,Fantasy,War"
2749,Furious 6,"Action,Crime,Thriller"
2750,Step Up,"Crime,Drama,Music"
2751,Transporter 3,Action
2752,I Am Number Four,Thriller
2753,Tramps,"Comedy,Romance"
2754,La La Land,"Comedy,Drama,Music"
2755,The Finest Hours,"Action,Drama,History"
2756,Horrible Bosses 2,"Comedy,Crime"
2757,Beyond the Gates,"Adventure,Horror"
2758,I Love You Beth Cooper,Comedy
2759,Hacker,"Crime,Drama,Thriller"
2760,Rachel Getting Married,Drama
2761,Filth,"Comedy,Crime,Drama"
2762,Blackhat,"Crime,Drama,Mystery"
2763,Billy Lynn's Long Halftime Walk,"Drama,War"
2764,"I Love You, Man ",Comedy
2765,Before We Go,"Comedy,Drama,Romance"
2766,Monster Trucks,"Action,Adventure,Comedy"
2767,The Girl with the Dragon Tattoo,"Crime,Drama,Mystery"
2768,The Back-up Plan,Comedy
2769,Couples Retreat,Comedy
2770,Doctor Strange,"Action,Adventure,Fantasy"
2771,This Is 40,"Comedy,Romance"
2772,The Simpsons Movie,Comedy
2773,Looper,"Action,Crime,Drama"
2774,Mother and Child,Drama
2775,The Jungle Book,"Adventure,Drama,Family"
2776,X-Men: First Class,Action
2777,Ghost Rider,Action
2778,John Carter,"Action,Adventure,Sci-Fi"
2779,Man of Steel,"Action,Adventure,Fantasy"
2780,Death Race,Action
2781,27 Dresses,Comedy
2782,Slither,"Comedy,Horror,Sci-Fi"
2783,Ender's Game,"Action,Sci-Fi"
2784,Spider-Man 3,Action
2785,Terminator Genisys,"Action,Adventure,Sci-Fi"
2786,Inland Empire,"Drama,Mystery,Thriller"
2787,Boyka: Undisputed IV,Action
2788,Seven Psychopaths,"Comedy,Crime"
2789,Vincent N Roxxy,"Crime,Drama,Thriller"
2790,The Comedian,Comedy
2791,The Skin I Live In,"Drama,Thriller"
2792,If I Stay,"Drama,Fantasy,Music"
2793,Birth of the Dragon,"Action,Biography,Drama"
2794,Death at a Funeral,Comedy
2795,A United Kingdom,"Biography,Drama,Romance"
2796,The Do-Over,"Action,Adventure,Comedy"
2797,The Informant!,Comedy
2798,Taken,"Action,Thriller"
2799,"Be Kind, Rewind",Comedy
2800,127 Hours,Adventure
2801,Transpecos,Thriller
2802,The Nice Guys,"Action,Comedy,Crime"
2803,My Best Friend's Girl,Comedy
2804,The Sorcerer's Apprentice,Action
2805,Walk Hard: The Dewey Cox Story,Comedy
2806,Notorious,"Biography,Crime,Drama"
2807,The Descendants,Drama
2808,The Rite,Horror
2809,Captain America: The First Avenger,Action
2810,Dangal,"Action,Biography,Drama"
2811,Yes Man,Comedy
2812,Colonia,"Drama,Romance,Thriller"
2813,War Horse,Drama
2814,Warm Bodies,"Comedy,Horror,Romance"
2815,The Tree of Life,"Drama,Fantasy"
2816,Warrior,Action
2817,Bone Tomahawk,"Adventure,Drama,Horror"
2818,Neighbors 2: Sorority Rising,Comedy
2819,American Pastoral,"Crime,Drama"
2820,Skyline,Action
2821,Steve Jobs,"Biography,Drama"
2822,A Dark Song,"Drama,Horror"
2823,Gold,"Adventure,Drama,Thriller"
2824,Harry Potter and the Order of the Phoenix,"Adventure,Family,Fantasy"
2825,Salt,"Action,Crime,Mystery"
2826,Grown Ups,Comedy
2827,Star Trek,Action
2828,The Book of Eli,"Action,Adventure,Drama"
2829,The Hurt Locker,"Drama,History,Thriller"
2830,Mamma Mia!,"Comedy,Family,Musical"
2831,Push,Action
2832,Clash of the Titans,Action
2833,The Adjustment Bureau,"Romance,Sci-Fi,Thriller"
2834,Exodus: Gods and Kings,"Action,Adventure,Drama"
2835,Angry Birds,"Animation,Action,Adventure"
2836,Deuces,Drama
2837,The Lone Ranger,"Action,Adventure,Western"
2838,The Secret Life of Pets,"Animation,Adventure,Comedy"
2839,The Hangover,Comedy
2840,American Gangster,Thriller
2841,I Now Pronounce You Chuck and Larry,Comedy
2842,Insurgent,"Adventure,Sci-Fi,Thriller"
2843,The Legend of Tarzan,"Action,Adventure,Drama"
2844,Entourage,Comedy
2845,Final Destination 5,Horror
2846,Silence,"Adventure,Drama,History"
2847,Hidden Figures,"Biography,Drama,History"
2848,The DUFF,Comedy
2849,Kickboxer: Vengeance,Action
2850,Focus,"Comedy,Crime,Drama"
2851,Shame,Drama
2852,The Master,Drama
2853,Now You See Me 2,"Action,Adventure,Comedy"
2854,Pineapple Express,"Action,Comedy,Crime"
2855,Knight and Day,Action
2856,The Promise,"Drama,History"
2857,"Hello, My Name Is Doris","Comedy,Drama,Romance"
2858,Endless Love,"Drama,Romance"
2859,Resident Evil: Retribution,"Action,Horror,Sci-Fi"
2860,The Fighter,"Action,Biography,Drama"
2861,Jumper,Action
2862,The Other Woman,"Comedy,Romance"
2863,Conan the Barbarian,"Action,Adventure,Fantasy"
2864,Captain America: Civil War,"Action,Adventure,Sci-Fi"
2865,L�da Baarov�,"Biography,Drama,History"
2866,Larry Crowne,Drama
2867,Realive,Sci-Fi
2868,Valkyrie,Thriller
2869,The Survivalist,"Drama,Sci-Fi,Thriller"
2870,All We Had,Drama
2871,Disturbia,"Drama,Mystery,Thriller"
2872,Enchanted,Comedy
2873,First Sunday,Comedy
2874,Saving Mr. Banks,"Biography,Comedy,Drama"
2875,The Sea of Trees,Drama
2876,Savages,"Crime,Drama,Thriller"
2877,30 Minutes or Less,Comedy
2878,A Serious Man,Drama
2879,When in Rome,Comedy
2880,This Beautiful Fantastic,"Comedy,Drama,Fantasy"
2881,Funny Games,"Crime,Drama,Horror"
2882,Iron Man Three,"Action,Adventure,Sci-Fi"
2883,Land of the Lost,Drama
2884,Selma,"Biography,Drama,History"
2885,The Forbidden Kingdom,Action
2886,X-Men Origins: Wolverine,Action
2887,Takers,Action
2888,Take Shelter,Drama
2889,The Last Face,Drama
2890,Dracula Untold,"Action,Drama,Fantasy"
2891,Rush,"Action,Biography,Drama"
2892,Independence Day: Resurgence,"Action,Adventure,Sci-Fi"
2893,Wanted,Action
2894,Sherlock Holmes: A Game of Shadows,"Action,Adventure,Crime"
2895,The Last Airbender,Action
2896,The Intent,"Crime,Drama"
2897,License to Wed,Comedy
2898,Martyrs,Horror
2899,Little Miss Sunshine,"Comedy,Drama"
2900,The Other Boleyn Girl,Drama
2901,Diary of a Wimpy Kid: Dog Days,"Comedy,Family"
2902,Criminal,"Action,Crime,Drama"
2903,Big Hero 6,"Animation,Action,Adventure"
2904,The Visitor,Drama
2905,Demain tout commence,"Comedy,Drama"
2906,Resident Evil: The Final Chapter,"Action,Horror,Sci-Fi"
2907,The Book of Eli,Action
2908,Centurion,"Action,Adventure,Drama"
2909,Incendies,"Drama,Mystery,War"
2910,The Age of Adaline,"Drama,Fantasy,Romance"
2911,One Missed Call,Horror
2912,The Fighter,Drama
2913,For Colored Girls,Drama
2914,Twilight,"Drama,Fantasy,Romance"
2915,Horrible Bosses,"Comedy,Crime"
2916,Baby Mama,Comedy
2917,What's Your Number?,"Comedy,Romance"
2918,The Magnificent Seven,"Action,Adventure,Western"
2919,The Matchbreaker,"Comedy,Romance"
2920,Bridge of Spies,"Drama,History,Thriller"
2921,Begin Again,"Drama,Music"
2922,Love,"Drama,Romance"
2923,Unfriended,"Drama,Horror,Mystery"
2924,Pacific Rim,"Action,Adventure,Sci-Fi"
2925,The Mummy: Tomb of the Dragon Emperor,"Action,Adventure,Fantasy"
2926,Zookeeper,Comedy
2927,Pixels,"Action,Comedy,Family"
2928,Cyrus,Comedy
2929,Tinker Tailor Soldier Spy,"Drama,Mystery,Thriller"
2930,Hounds of Love,"Crime,Drama,Horror"
2931,The Neon Demon,"Horror,Thriller"
2932,All About Steve,Comedy
2933,Harry Potter and the Half-Blood Prince,"Adventure,Family,Fantasy"
2934,Taken,Action
2935,Made of Honor,Comedy
1,The Fighter,action
32,Quantum of Solace,action
70,Salt,action
74,There Will Be Blood,action
81,Hanna,action
84,Live Free or Die Hard,action
88,Taken,action
191,The Incredible Hulk,action
199,Inception,action
241,Jumper,action
267,Wanted,action
268,Ghost Rider,action
387,Legion,action
392,Terminator Salvation,action
440,Tropic Thunder,action
442,I Am Legend,action
454,Inglourious Basterds,action
492,Hellboy II: The Golden Army,action
560,The Bourne Ultimatum,action
689,Eagle Eye,action
692,Source Code,action
747,Underworld: Rise of the Lycans,action
757,American Gangster,action
764,Fast Five,action
787,Zodiac,action
794,The Dark Knight,action
803,Drive,action
820,Unstoppable,action
890,Kick-Ass,action
898,Rambo,action
916,Shooter,action
975,In Time,action
993,Robin Hood,action
1127,Predators,action
1254,Rise of the Planet of the Apes,action
1257,Death Race,action
734,Dragonball Evolution,adventure
1134,Real Steel,adventure
1154,The Golden Compass,adventure
1305,Iron Man 2,adventure
1307,Twilight,adventure
1350,Scott Pilgrim vs. the World,adventure
1382,The Mummy: Tomb of the Dragon Emperor,adventure
351,Zack and Miri Make a Porno,comedy
414,Pineapple Express,comedy
422,Superbad,comedy
584,Fool's Gold,comedy
683,Hostel: Part II,comedy
724,Step Brothers,comedy
1000,The Proposal,comedy
1298,Horrible Bosses,comedy
413,Never Back Down,drama
510,Black Swan,drama
519,Jennifer's Body,drama
570,True Grit,drama
715,The Adjustment Bureau,drama
75,Prince of Persia: The Sands of Time,fantasy
1241,Contagion,horror
258,The Lovely Bones,romance
1143,The Other Guys,romance
1144,Take Me Home Tonight,romance
